"player_id","player_name","games","time","goals","xG","assists","xA","shots","key_passes","yellow_cards","red_cards","position","team_name","npg","npxG","xGChain","xGBuildup","year"
5169,"Youssef En-Nesyri",38,2308,18,15.794806163758,0,2.64206456206739,77,13,2,0,"F S","Sevilla",18,15.794806163758,17.816116752103,1.08705353178084,2020
1109,"Lucas Ocampos",34,2658,5,10.7770411428064,4,6.15305967442691,69,33,3,0,"F M S","Sevilla",1,7.06065302342176,14.0685943756253,5.12779190205038,2020
2094,"Ivan Rakitic",37,2245,4,4.98002571705729,2,1.46555488742888,40,25,4,0,"M S","Sevilla",2,3.49385589826852,10.2170886211097,6.68889684975147,2020
2106,"Munir",24,831,4,4.33398550469428,2,1.4200245719403,31,11,2,0,"F M S","Sevilla",4,4.33398550469428,5.49080318771303,2.06379029899836,2020
7887,"Luuk de Jong",34,1256,4,5.08569203689694,0,1.05921123921871,32,11,3,0,"F S","Sevilla",4,5.08569203689694,8.13772325217724,3.16858653351665,2020
615,"Fernando",31,2545,3,1.39934005215764,4,3.35823880694807,6,19,6,0,"M S","Sevilla",3,1.39934005215764,11.5649177972227,8.87679350189865,2020
1129,"Suso",34,2260,3,2.09921641368419,4,5.04665903188288,48,44,2,0,"F M S","Sevilla",3,2.09921641368419,13.0063067190349,8.38090481795371,2020
1491,"Alejandro Gomez",18,916,3,0.795960469171405,1,1.23854823969305,18,17,0,0,"F M S","Sevilla",3,0.795960469171405,4.17567482404411,2.68597762472928,2020
6433,"Jules Koundé",34,2973,2,2.13866151869297,1,0.938971510156989,21,9,4,0,"D S","Sevilla",2,2.13866151869297,8.625751812011,8.34719854965806,2020
1836,"Franco Vázquez",15,136,1,0.17524769436568,0,0.137769343331456,3,2,1,0,"M S","Sevilla",1,0.17524769436568,1.4521442502737,1.27370234578848,2020
2064,"Sergio Escudero",9,571,1,0.211502198129892,0,0.24641184695065,6,6,3,0,"D S","Sevilla",1,0.211502198129892,1.39580379985273,1.16886430978775,2020
2122,"Joan Jordán",35,2436,1,2.075498836115,6,3.08997112885118,24,38,6,1,"M S","Sevilla",1,2.075498836115,10.8656818661839,7.97055201046169,2020
5712,"Diego Carlos",33,2792,1,1.65530323889107,0,0.662569371052086,15,8,9,1,"D S","Sevilla",1,1.65530323889107,8.23569549433887,7.79594054631889,2020
6120,"Bono",33,2970,1,0.515121161937714,0,0.0226519554853439,1,1,3,0,"GK","Sevilla",1,0.515121161937714,3.99154893960804,3.96889696922153,2020
8939,"Marcos Acuña",30,2329,1,0.808205422945321,2,2.85144003015012,18,32,5,0,"D S","Sevilla",1,0.808205422945321,9.32657099142671,7.21633880771697,2020
616,"Jesús Navas",34,2847,0,1.24969473853707,6,7.60072590596974,15,64,4,0,"D","Sevilla",0,1.24969473853707,14.7524076979607,7.90633908845484,2020
2070,"Carlos Fernández",5,147,0,0.209707275032997,0,0.817022852599621,2,2,0,0,"F S","Sevilla",0,0.209707275032997,0.234673876315355,0.0573212634772062,2020
2103,"Aleix Vidal",12,583,0,0.0322923958301544,1,0.865787472575903,1,6,2,0,"D S","Sevilla",0,0.0322923958301544,2.68556957319379,2.51590765267611,2020
2282,"Sergi Gómez",9,733,0,0.0438466295599937,0,0.0214300788938999,1,1,2,0,"D","Sevilla",0,0.0438466295599937,2.81873489171267,2.81873489171267,2020
2424,"Óliver Torres",33,1398,0,1.05513264238834,3,1.96720102615654,10,27,2,0,"F M S","Sevilla",0,1.05513264238834,6.68362030945718,4.91227863170207,2020
3388,"Karim Rekik",11,648,0,0.0878191478550434,0,0.134596703574061,2,3,2,0,"D S","Sevilla",0,0.0878191478550434,2.16598062962294,2.15237729996443,2020
6570,"Óscar Rodríguez",20,489,0,0.384868767112494,0,0.86766380444169,10,11,1,0,"F M S","Sevilla",0,0.384868767112494,2.12749297730625,1.22215895168483,2020
6970,"Tomás Vaclik",5,450,0,0,0,0,0,0,0,0,"GK","Sevilla",0,0,0.466231716796756,0.466231716796756,2020
7338,"Bryan Gil Salvatierra",1,11,0,0,0,0,0,0,0,0,"S","Sevilla",0,0,0.401969492435455,0.401969492435455,2020
7888,"Nemanja Gudelj",30,1006,0,0.273405650630593,0,0.0452617052942514,9,2,8,0,"M S","Sevilla",0,0.273405650630593,3.59420673549175,3.44502656534314,2020
9132,"Oussama Idrissi",3,19,0,0.396165251731873,0,0,1,0,0,0,"S","Sevilla",0,0.396165251731873,0.478329597041011,0.0821643453091383,2020
5232,"Alexander Isak",34,2389,16,16.4676875025034,2,1.8415152458474,81,10,4,0,"F S","Real Sociedad",16,15.7244098596275,17.6139667425305,2.98230429925025,2020
2234,"Mikel Oyarzabal",33,2442,11,10.8418909711763,8,7.35904046520591,62,51,1,0,"F M S","Real Sociedad",5,5.63907546084374,18.7152111530304,9.9772272631526,2020
6118,"Portu",37,2181,8,6.30811719037592,3,3.69291685894132,31,26,3,0,"F M S","Real Sociedad",8,6.30811719037592,11.8517260216177,3.55212042015046,2020
323,"Adnan Januzaj",27,1011,4,5.24963269010186,4,4.49297902174294,32,23,2,0,"F M S","Real Sociedad",1,3.01979980058968,8.39149073138833,4.01158918067813,2020
2361,"Willian José",13,685,3,3.39552422985435,1,1.16488599218428,14,7,0,0,"F S","Real Sociedad",3,2.65224660560489,3.84389291517437,0.943986941128969,2020
7195,"Roberto López",17,490,3,0.603907760232687,0,0.812205887399614,14,7,0,0,"M S","Real Sociedad",3,0.603907760232687,1.3193899160251,0.174370734021068,2020
7308,"Ander Barrenetxea",31,1296,3,2.12032297812402,0,1.62253287620842,23,15,7,0,"F M S","Real Sociedad",3,2.12032297812402,5.18907252512872,2.05965512618423,2020
617,"David Silva",21,1411,2,2.66881927847862,5,3.37539549544454,20,28,4,0,"F M S","Real Sociedad",2,2.66881927847862,11.5782675854862,7.4503892082721,2020
5304,"Mikel Merino",26,2162,2,4.32481416501105,4,3.27585002034903,33,29,5,0,"M S","Real Sociedad",2,4.32481416501105,14.3798604160547,9.19985886290669,2020
495,"Nacho Monreal",26,2080,1,1.54961919225752,1,1.6922859326005,12,11,1,0,"D S","Real Sociedad",1,1.54961919225752,9.81924856267869,9.43088684976101,2020
2070,"Carlos Fernández",11,387,1,1.23113254457712,2,0.756597444415092,7,6,5,0,"F M S","Real Sociedad",1,1.23113254457712,2.38557653129101,0.709510512650013,2020
2228,"Aritz Elustondo",23,1893,1,0.577738828957081,0,0.233005056157708,5,3,5,0,"D S","Real Sociedad",1,0.577738828957081,7.6599695943296,7.57075816579163,2020
2417,"Igor Zubeldia",24,1962,1,1.49887037463486,1,0.769908862188458,9,4,5,0,"D M S","Real Sociedad",1,1.49887037463486,6.33228552341461,6.23124205879867,2020
6126,"Ander Guevara",31,2097,1,0.356199065223336,1,0.808257414028049,9,14,5,0,"M S","Real Sociedad",1,0.356199065223336,9.28858154453337,8.52191856317222,2020
2163,"Diego Llorente",1,90,0,0,0,0,0,0,0,0,"D","Real Sociedad",0,0,0.0555360838770866,0.0555360838770866,2020
2226,"Zaldúa",12,628,0,0.0404924293980002,0,1.00960386265069,2,7,3,0,"D S","Real Sociedad",0,0.0404924293980002,2.00967422779649,1.20316027011722,2020
2232,"Asier Illarramendi",6,347,0,0,0,0.0265072882175446,0,1,2,0,"M","Real Sociedad",0,0,2.25448693335056,2.25448693335056,2020
2238,"Jon Bautista",21,332,0,0.65765648894012,1,0.327918050810695,12,6,3,0,"S","Real Sociedad",0,0.65765648894012,1.5631065685302,0.838472172617912,2020
2555,"Remiro",38,3420,0,0,0,0,0,0,0,0,"GK","Real Sociedad",0,0,3.78850585687906,3.78850585687906,2020
5179,"Jon Guridi",17,825,0,0.707041651010513,1,0.843465967103839,8,4,2,0,"M S","Real Sociedad",0,0.707041651010513,4.98899098485708,4.26871948502958,2020
6325,"Andoni Gorosabel",32,2394,0,0.671610305085778,1,3.06552086398005,9,23,3,0,"D S","Real Sociedad",0,0.671610305085778,11.0488477796316,8.77189254388213,2020
7101,"Martín Merquelanz",13,531,0,1.41063040681183,1,2.0641479473561,11,9,0,0,"D M S","Real Sociedad",0,1.41063040681183,3.64668348431587,0.946918804198503,2020
7276,"Robin Le Normand",33,2752,0,1.58214911073446,1,0.601729605346918,18,4,5,1,"D S","Real Sociedad",0,1.58214911073446,6.28452270105481,6.23710228130221,2020
7306,"Aihen Muñoz",16,1212,0,0.178138284012675,1,0.518642894923687,4,6,6,0,"D S","Real Sociedad",0,0.178138284012675,2.35173479188234,1.78113333787769,2020
7526,"Martín Zubimendi",31,1861,0,0.956355946138501,0,0.616445828229189,7,7,6,0,"D M S","Real Sociedad",0,0.956355946138501,5.07480451930314,4.8078391244635,2020
7835,"Aritz Arambarri",1,24,0,0,0,0,0,0,0,0,"S","Real Sociedad",0,0,0.613067150115967,0.613067150115967,2020
8103,"Modibo Sagnan",16,607,0,0.786051195114851,0,0.150909869000316,5,3,3,0,"D S","Real Sociedad",0,0.786051195114851,0.702449146658182,0.692039793357253,2020
8423,"Jon Pacheco Dozagarat",1,31,0,0.0650459751486778,0,0,1,0,0,0,"S","Real Sociedad",0,0.0650459751486778,0,0,2020
8765,"Roberto Navarro",1,33,0,0,0,0.0485241673886776,0,1,0,0,"S","Real Sociedad",0,0,0.132304161787033,0.132304161787033,2020
8861,"Urko Gonzalez",2,49,0,0,0,0.0886492282152176,0,1,1,0,"M S","Real Sociedad",0,0,0.122967518866062,0.0343182906508446,2020
4136,"Ángel",33,1350,5,6.36052526719868,0,0.691234849393368,38,6,4,0,"F S","Getafe",4,4.87409794144332,5.43995160423219,1.57420740835369,2020
7009,"Jaime Mata",33,2050,5,7.80048090033233,0,1.34678243100643,40,16,9,1,"F S","Getafe",4,6.3140535634011,7.96926154755056,2.96824673563242,2020
6219,"Enes Ünal",28,1325,4,4.25930980686098,2,1.85749773308635,38,14,4,0,"F S","Getafe",3,3.51603219751269,5.06579009629786,2.06619265861809,2020
3264,"Mauro Arambarri",34,2993,3,1.99159528128803,0,2.03609519265592,46,21,11,0,"M S","Getafe",3,1.99159528128803,4.87712279893458,3.31135484017432,2020
7134,"Marc Cucurella",37,3255,3,2.20423520542681,2,3.60143180424348,25,40,8,0,"D M","Getafe",3,2.20423520542681,9.51705017546192,5.00034735584632,2020
5058,"Carles Aleñá",22,1378,2,1.76014695875347,2,2.35345339588821,30,25,1,0,"F M S","Getafe",2,1.76014695875347,5.73110108077526,2.34407262131572,2020
6954,"Juan Camilo Hernández",23,1479,2,2.51895709149539,3,1.23733072541654,28,20,5,0,"F M S","Getafe",2,2.51895709149539,4.74935025908053,1.39270977675915,2020
2194,"Damián Suárez",31,2440,1,0.299517218954861,0,1.07282473985106,10,19,11,1,"D S","Getafe",1,0.299517218954861,3.06705414596945,2.31724913325161,2020
6076,"Nemanja Maksimovic",35,2761,1,1.92100743576884,0,0.809047981165349,17,18,5,0,"M S","Getafe",1,1.92100743576884,4.81625725980848,2.29350361041725,2020
8001,"Takefusa Kubo",18,795,1,0.707332000136375,1,1.1669331677258,15,9,2,0,"F M S","Getafe",1,0.707332000136375,3.17168505862355,1.57089370302856,2020
565,"Nyom",31,2346,0,1.20037984475493,2,2.453818006441,11,17,10,1,"D M S","Getafe",0,1.20037984475493,3.67812842875719,2.10350977629423,2020
2149,"Francisco Portillo",16,402,0,0,1,0.520444828085601,0,5,1,0,"M S","Getafe",0,0,1.06984685873613,0.6182835935615,2020
2372,"Rubén Yáñez",10,900,0,0,0,0,0,0,2,0,"GK","Getafe",0,0,0,0,2020
2394,"Etxeita",11,880,0,0.256283769384027,0,0.474188446998596,4,1,3,0,"D S","Getafe",0,0.256283769384027,0.52080175280571,0.52080175280571,2020
2415,"David Soria",28,2520,0,0,0,0,0,0,2,0,"GK","Getafe",0,0,0.722363471984863,0.722363471984863,2020
4799,"Abdoulaye Diaby",1,16,0,0.375731617212296,0,0.0816726312041283,1,1,0,0,"S","Getafe",0,0.375731617212296,0.375731617212296,0,2020
5066,"David Timor",30,1379,0,0.602013126481324,0,1.56297180149704,18,12,5,1,"D M S","Getafe",0,0.602013126481324,0.843560934066772,0.698044807650149,2020
5201,"Darío Poveda",1,1,0,0,0,0,0,0,0,0,"S","Getafe",0,0,0,0,2020
5642,"Erick Cabaco",20,1326,0,0.267799414694309,0,0,5,0,9,0,"D S","Getafe",0,0.267799414694309,0.648424511775374,0.648424511775374,2020
6151,"Djené Dakonam",34,2947,0,0.284755244851112,1,0.283088858239353,3,6,6,2,"D M","Getafe",0,0.284755244851112,2.65298170410097,2.37988208793104,2020
6216,"Chema Rodríguez",10,552,0,0.0790111608803272,0,0.123275134712458,3,2,3,1,"D M S","Getafe",0,0.0790111608803272,0.211780395358801,0.147077597677708,2020
6368,"Mathías Olivera",31,2622,0,2.83896381407976,0,2.52632081694901,19,21,6,0,"D S","Getafe",0,2.83896381407976,3.85666101612151,1.78355530742556,2020
7351,"Victor Mollejo",4,68,0,0,0,0.0688295662403107,0,2,0,0,"S","Getafe",0,0,0.129285346716642,0.0780177600681782,2020
8306,"Sofian Chakla",11,897,0,0.161248225718737,0,0.0689443945884705,3,1,5,0,"D S","Getafe",0,0.161248225718737,0.764823537319899,0.69691913202405,2020
8823,"Ante Palaversa",2,3,0,0,0,0.108872033655643,0,2,0,0,"S","Getafe",0,0,0,0,2020
9170,"John Finn",6,54,0,0.130459798499942,0,0,2,0,0,0,"S","Getafe",0,0.130459798499942,0.123613363131881,0.0951956659555435,2020
9208,"Sabit Abdulai",3,54,0,0,0,0,0,0,1,0,"S","Getafe",0,0,0,0,2020
9218,"Juan Iglesias",10,602,0,0.158414902631193,0,0.141471782699227,4,4,2,0,"D F M S","Getafe",0,0.158414902631193,0.829501682892442,0.529614999890327,2020
9245,"Mamor Niang",1,21,0,0.0539953261613846,0,0,1,0,0,0,"S","Getafe",0,0.0539953261613846,0.0539953261613846,0.0539953261613846,2020
9268,"Koffi",1,43,0,0,0,0,0,0,0,0,"S","Getafe",0,0,0,0,2020
9457,"José Boacho",4,21,0,0.0186165813356638,0,0,1,0,1,0,"S","Getafe",0,0.0186165813356638,0.0335028143599629,0.0148862330242991,2020
2098,"Luis Suárez",32,2541,21,17.8924661111087,3,3.14267029426992,104,27,6,0,"F S","Atletico Madrid",18,15.6626332681626,18.5959714539349,1.23280460946262,2020
2518,"Marcos Llorente",37,2960,12,4.76896558701992,11,6.38848001882434,49,44,6,0,"D F M S","Atletico Madrid",12,4.76896558701992,19.4498460702598,10.4569696690887,2020
2275,"Ángel Correa",38,2437,9,8.86226571910083,8,7.42762793414295,52,39,3,0,"F M S","Atletico Madrid",9,8.86226571910083,18.4151701983064,5.02103990316391,2020
7892,"João Félix",31,1558,7,5.80279369652271,5,4.21087556425482,39,21,6,0,"F M S","Atletico Madrid",6,4.31623840332031,11.0910489195958,4.76193783152848,2020
2272,"Yannick Carrasco",30,2201,6,5.15987793263048,10,6.87862166576087,43,47,6,0,"D F M S","Atletico Madrid",6,5.15987793263048,15.1487095188349,6.38334153778851,2020
802,"Diego Costa",7,203,2,1.49607108533382,0,0.510643633082509,5,4,1,0,"F S","Atletico Madrid",1,0.752793475985527,1.94076191075146,0.802236463874578,2020
2266,"Saúl Ñíguez",33,2041,2,3.29313988611102,1,1.45118416845798,33,23,9,0,"D M S","Atletico Madrid",2,2.54986221715808,10.2057027872652,8.0781657975167,2020
1227,"Lucas Torreira",19,492,1,0.104920979123563,0,0.644200349226594,3,3,2,0,"M S","Atletico Madrid",1,0.104920979123563,2.96772594749928,2.24101537838578,2020
2263,"Stefan Savic",33,2954,1,0.65090165194124,0,0.112463477998972,7,2,13,0,"D","Atletico Madrid",1,0.65090165194124,13.3978409189731,13.2853773850948,2020
2269,"Koke",37,3026,1,2.11391471792012,2,2.79646044410765,17,39,9,0,"M S","Atletico Madrid",1,2.11391471792012,16.9083886183798,14.2226761486381,2020
3425,"Thomas Lemar",27,1396,1,1.77429069764912,3,2.00050302408636,23,21,4,0,"M S","Atletico Madrid",1,1.77429069764912,9.17674894072115,7.35721313580871,2020
6136,"Mario Hermoso",31,2589,1,1.12559720594436,1,0.656805275008082,18,11,4,0,"D S","Atletico Madrid",1,1.12559720594436,9.71134632639587,9.05948721431196,2020
7891,"Renan Lodi",23,1110,1,0.721710778772831,2,1.88191547989845,11,12,3,0,"D M S","Atletico Madrid",1,0.721710778772831,10.1254323218018,8.00889548659325,2020
652,"Kieran Trippier",28,2479,0,0.130320666357875,6,3.92096009850502,3,34,0,0,"D M","Atletico Madrid",0,0.130320666357875,14.9503485038877,12.4139670077711,2020
1516,"Geoffrey Kondogbia",25,561,0,0.167827162891626,0,0.275914788246155,5,4,4,0,"M S","Atletico Madrid",0,0.167827162891626,4.86017124168575,4.47873088531196,2020
1951,"Sime Vrsaljko",9,516,0,0,0,0,0,0,2,0,"D M S","Atletico Madrid",0,0,1.94835886359215,1.94835886359215,2020
2261,"Jan Oblak",38,3420,0,0,0,0,0,0,0,0,"GK","Atletico Madrid",0,0,3.90358290076256,3.90358290076256,2020
2278,"Giménez",21,1768,0,1.01863906532526,0,0.272915545850992,14,4,5,0,"D S","Atletico Madrid",0,1.01863906532526,7.69252133183181,7.52131779305637,2020
2328,"Thomas Partey",3,196,0,0.0868042632937431,0,0,5,0,1,0,"M S","Atletico Madrid",0,0.0868042632937431,1.09067019820213,1.046799659729,2020
2511,"Vitolo",10,292,0,0.486652284860611,0,0.254400253295898,2,3,1,0,"D M S","Atletico Madrid",0,0.486652284860611,1.81940170750022,1.11615536361933,2020
7142,"Moussa Dembele",5,89,0,1.19687992334366,0,0.0256616454571486,6,1,0,0,"S","Atletico Madrid",0,1.19687992334366,1.96484833955765,0.767968369647861,2020
7605,"Manuel Sánchez",1,51,0,0,1,0.413474500179291,0,1,0,0,"D","Atletico Madrid",0,0,0.757880866527557,0.344406396150589,2020
7893,"Héctor Herrera",16,669,0,0.308860315009952,1,1.10087011009455,7,7,2,0,"M S","Atletico Madrid",0,0.308860315009952,4.65003292821348,4.4770175665617,2020
7921,"Felipe",31,2049,0,1.2922928147018,0,0.423955540638417,13,3,8,0,"D S","Atletico Madrid",0,1.2922928147018,6.53619697503746,6.51449718885124,2020
8319,"Ricard Sánchez",1,29,0,0.0278607793152332,0,0,1,0,0,0,"S","Atletico Madrid",0,0.0278607793152332,0.202027782797813,0.17416700720787,2020
2478,"Carlos Soler",32,2745,11,9.40932532586157,8,5.28180428594351,37,45,7,0,"M S","Valencia",4,2.72008257545531,9.74537395872176,5.71774495579302,2020
6124,"Maxi Gómez",31,2716,7,6.65154615975916,1,1.05238053016365,54,13,5,1,"F","Valencia",7,6.65154615975916,7.75783463194966,1.03852583654225,2020
5682,"Gonçalo Guedes",31,2310,5,3.05146721377969,5,4.02243775129318,51,34,3,1,"F M S","Valencia",5,3.05146721377969,9.70076384209096,4.90453084558249,2020
7834,"Manu Vallejo",30,914,5,3.7262559812516,0,0.6798150036484,19,7,2,0,"F M S","Valencia",5,3.7262559812516,5.24696967191994,1.99192726891488,2020
493,"Gabriel",31,2716,4,0.936369433067739,1,0.608015997335315,15,6,6,0,"D","Valencia",4,0.936369433067739,7.34991935640574,6.73714171163738,2020
2284,"Daniel Wass",35,3008,4,3.09903919417411,1,1.76301960553974,38,39,8,0,"D M","Valencia",3,2.35576156992465,8.84215268865228,5.88980766572058,2020
2442,"Kevin Gameiro",27,1043,4,3.7358588501811,1,0.592941589653492,16,4,0,0,"F S","Valencia",4,3.7358588501811,5.39049049559981,1.12163662072271,2020
2479,"Toni Lato",15,719,1,0.794458627700806,0,0.288469266146421,2,3,3,0,"D S","Valencia",1,0.794458627700806,1.21068352274597,1.04731362126768,2020
2505,"José Gayá",33,2850,1,1.94331799447536,7,4.32013731077313,23,36,6,0,"D M S","Valencia",1,1.94331799447536,8.84548574127257,4.22541857045144,2020
5666,"Mouctar Diakhaby",26,2089,1,1.64963690191507,0,0.0481876693665981,11,1,4,1,"D S","Valencia",1,1.64963690191507,2.22364705055952,2.12892505899072,2020
7330,"Uros Racic",31,2199,1,1.58631333801895,1,0.224492510780692,37,9,6,0,"M S","Valencia",1,1.58631333801895,5.11870606616139,3.81836694478989,2020
7402,"Álex Blanco",13,585,1,0.41013740003109,0,0.363524941727519,7,8,1,0,"M S","Valencia",1,0.41013740003109,1.79914362169802,1.05769278481603,2020
8058,"Thierry Correia",29,2144,1,0.359593896195292,1,1.16514469590038,8,18,4,1,"D S","Valencia",1,0.359593896195292,5.04972582310438,3.91721556149423,2020
8334,"Hugo Guillamón",25,1989,1,0.500853449106216,0,0.105246849358082,7,1,8,0,"D S","Valencia",1,0.500853449106216,4.17478558793664,4.15360376611352,2020
8771,"Yunus Musah",32,1534,1,1.20380272716284,0,0.926243430934846,7,8,2,0,"M S","Valencia",1,1.20380272716284,2.9612173512578,0.975658409297466,2020
626,"Eliaquim Mangala",7,318,0,0.274906650185585,0,0,2,0,1,0,"D S","Valencia",0,0.274906650185585,0.111691588535905,0.111691588535905,2020
1516,"Geoffrey Kondogbia",5,441,0,0.0695202462375164,0,0,4,0,1,0,"M","Valencia",0,0.0695202462375164,0.605994994752109,0.558769991621375,2020
2475,"Jaume",28,2520,0,0,0,0,0,0,1,0,"GK","Valencia",0,0,1.66968224477023,1.66968224477023,2020
2494,"Denis Cheryshev",21,1116,0,0.952680822461843,3,2.0903090480715,20,16,3,0,"M S","Valencia",0,0.952680822461843,3.53142707236111,0.646766120567918,2020
2560,"Cristiano Piccini",3,57,0,0.00839991122484207,0,0,1,0,0,0,"S","Valencia",0,0.00839991122484207,0.340490199625492,0.33209028840065,2020
4076,"Jason",17,426,0,0.171403560787439,0,0.540370902046561,5,7,2,1,"D M S","Valencia",0,0.171403560787439,0.945774031803012,0.319622807204723,2020
4918,"Patrick Cutrone",7,95,0,0.53561632707715,0,0.308503806591034,3,1,0,0,"S","Valencia",0,0.53561632707715,0.844120133668184,0,2020
5047,"Rubén Sobrino",5,38,0,0,0,0,0,0,0,0,"S","Valencia",0,0,0.0235320776700974,0.0235320776700974,2020
5057,"Jasper Cillessen",10,900,0,0,0,0,0,0,0,0,"GK","Valencia",0,0,0.393224990926683,0.393224990926683,2020
7313,"Lee Kang-In",24,1291,0,1.24035990051925,4,2.07199663855135,25,21,1,0,"F M S","Valencia",0,1.24035990051925,3.90509112179279,2.38148208335042,2020
7417,"Christian Oliva",9,182,0,0.0295287799090147,2,0.110331309959292,2,2,0,0,"M S","Valencia",0,0.0295287799090147,0.368391774594784,0.228531684726477,2020
8149,"Vicente Esquerdo",4,241,0,0.0198755040764809,0,0.0550091415643692,1,2,1,0,"M S","Valencia",0,0.0198755040764809,0.770188502967358,0.732795849442482,2020
8576,"Koba Koindredi",2,10,0,0,0,0,0,0,0,0,"S","Valencia",0,0,0,0,2020
8772,"Guillem Molina",2,154,0,0,0,0,0,0,1,0,"D S","Valencia",0,0,0,0,2020
9335,"Ferro",3,181,0,0,0,0,0,0,0,0,"D S","Valencia",0,0,0,0,2020
5091,"Alex Berenguer",35,2306,8,6.04003376699984,4,3.69016061164439,48,38,4,0,"M S","Athletic Club",8,6.04003376699984,11.99543562904,5.32260360196233,2020
2399,"Iñaki Williams",38,2395,6,6.3290207516402,6,4.66691155545413,53,30,1,0,"F M S","Athletic Club",5,5.58599950186908,13.4771604631096,4.23126702383161,2020
2400,"Raúl García",34,1742,5,5.92013387661427,1,1.01796058379114,47,15,6,2,"F M S","Athletic Club",3,3.69030101504177,6.89306109212339,2.94250882416964,2020
2401,"Muniain",28,1970,5,5.35232596099377,3,3.4817822361365,23,35,1,0,"M S","Athletic Club",5,5.35232596099377,10.8565513268113,6.73113974556327,2020
5173,"Asier Villalibre",35,1577,4,4.49923779070377,2,2.33394976519048,38,13,1,0,"F S","Athletic Club",4,4.49923779070377,7.42702141217887,2.41668493114412,2020
4091,"Unai López",26,1427,3,1.16205966286361,0,1.57201335579157,25,18,7,0,"M S","Athletic Club",3,1.16205966286361,6.4874624479562,4.59199220500886,2020
2125,"Ander Capa",28,2145,2,1.12313512526453,1,1.3055169545114,12,16,5,0,"D S","Athletic Club",2,1.12313512526453,5.13336592726409,3.61366979591548,2020
7779,"Oihan Sancet",24,1031,2,2.89323482103646,2,1.21862357854843,18,12,2,0,"F M S","Athletic Club",2,2.89323482103646,4.84992404095829,0.779650548473001,2020
8727,"Jon Morcillo",30,1362,2,0.986337773501873,2,2.70022234879434,24,23,3,0,"M S","Athletic Club",2,0.986337773501873,3.70760388486087,2.13824699446559,2020
2229,"Yuri",23,1684,1,0.703193932771683,3,1.82920202985406,16,17,3,0,"D S","Athletic Club",1,0.703193932771683,8.2213810570538,6.3809870313853,2020
2452,"De Marcos",25,1525,1,1.41979677509516,2,1.88073674403131,6,13,2,0,"D M S","Athletic Club",1,1.41979677509516,7.70951669476926,5.35497853346169,2020
2484,"Iñigo Martínez",28,2520,1,1.40358654409647,0,0.508653473109007,18,6,9,0,"D","Athletic Club",1,1.40358654409647,6.10711071547121,5.69200258143246,2020
5062,"Yeray Álvarez",23,1947,1,0.460580045357347,0,0.403851022943854,10,6,6,0,"D S","Athletic Club",1,0.460580045357347,4.22762191295624,4.05489294230938,2020
5129,"Kenan Kodro",3,40,1,0.773969054222107,0,0,2,0,1,0,"S","Athletic Club",0,0.0306914169341326,0.0306914169341326,0,2020
6149,"Unai Núñez",25,2108,1,2.11688571423292,1,0.57844908349216,12,6,6,0,"D S","Athletic Club",1,2.11688571423292,5.04529586620629,4.58076944947243,2020
2130,"Dani García",27,1919,0,0.384690364822745,1,0.662889469414949,6,8,8,0,"M S","Athletic Club",0,0.384690364822745,5.28554103150964,4.55883366800845,2020
2396,"Balenziaga",23,1690,0,0.0857387017458677,1,0.609469586983323,3,7,0,0,"D S","Athletic Club",0,0.0857387017458677,3.91619340144098,3.75043024495244,2020
2403,"Íñigo Lekue",18,619,0,0.062956627458334,0,0.303099563345313,2,6,1,0,"D S","Athletic Club",0,0.062956627458334,2.22545146010816,1.95963366515934,2020
2491,"Ibai Gómez",13,414,0,0.179167229682207,1,1.07905243337154,5,7,0,0,"M S","Athletic Club",0,0.179167229682207,1.65651837363839,0.824016034603119,2020
5077,"Mikel Vesga",30,1728,0,1.35344395600259,1,1.39615926705301,22,12,7,0,"M S","Athletic Club",0,1.35344395600259,7.79168352670968,6.61386524885893,2020
5185,"Unai Simón",37,3330,0,0,0,0.00521678198128939,0,1,1,0,"GK","Athletic Club",0,0,2.02968486724421,2.02446808526292,2020
6150,"Iñigo Córdoba",3,90,0,0.104305604472756,0,0,2,0,0,0,"M S","Athletic Club",0,0.104305604472756,0.104305604472756,0,2020
7072,"Jokin Ezkieta",1,90,0,0,0,0,0,0,0,0,"GK","Athletic Club",0,0,0,0,2020
8329,"Unai Vencedor",28,1694,0,0.429177161306143,0,0.214626133441925,9,7,6,0,"M S","Athletic Club",0,0.429177161306143,4.0872581191361,3.81776965595782,2020
8728,"Oier Zarraga",5,94,0,0.0855501592159271,0,0.046439815312624,1,2,0,0,"M S","Athletic Club",0,0.0855501592159271,0.228941950947046,0.0969519764184952,2020
8921,"Iñigo Vicente",3,46,0,0.0270559638738632,0,0.169786360114813,1,4,0,0,"S","Athletic Club",0,0.0270559638738632,0.236419215798378,0.0583198424428701,2020
9211,"Nico Williams",2,52,0,0.0319519713521004,0,0,1,0,0,0,"S","Athletic Club",0,0.0319519713521004,0.0319519713521004,0,2020
2097,"Lionel Messi",35,3017,30,26.67684327811,9,11.4228477478027,195,77,4,0,"F M S","Barcelona",27,22.9604554697871,37.9068631753325,20.3373625092208,2020
2270,"Antoine Griezmann",36,2646,13,12.4288178868592,7,6.66038061305881,71,42,4,0,"F M S","Barcelona",12,10.9423905797303,24.7224135622382,12.1675187274814,2020
3226,"Ousmane Dembélé",30,1774,6,6.02554324641824,3,4.50752740725875,55,39,2,0,"F M S","Barcelona",6,6.02554324641824,14.2913396321237,6.59626080468297,2020
7967,"Anssumane Fati",7,448,4,1.86127531342208,0,2.0434142164886,14,9,1,0,"F M S","Barcelona",4,1.86127531342208,4.66148455999792,1.88721027225256,2020
2093,"Jordi Alba",35,3034,3,2.6007734797895,5,8.49413331225514,27,52,9,0,"D M S","Barcelona",3,2.6007734797895,25.3328431099653,19.6290562078357,2020
7781,"Frenkie de Jong",37,3159,3,5.62552628852427,4,5.81273913756013,17,49,5,0,"D M S","Barcelona",3,5.62552628852427,30.502008125186,23.3089988306165,2020
8934,"Trincão",28,636,3,3.1336182076484,2,0.482068076729774,23,8,1,0,"F S","Barcelona",3,3.1336182076484,7.91659251414239,5.30982573702931,2020
8935,"Pedri",37,2441,3,5.03326710499823,3,3.6425964133814,25,39,2,0,"M S","Barcelona",3,5.03326710499823,24.7217614259571,18.6507841907442,2020
488,"Philippe Coutinho",12,667,2,4.28996874392033,2,0.679807979613543,28,6,0,0,"M S","Barcelona",2,4.28996874392033,6.78609905019403,2.18798272311687,2020
3211,"Martin Braithwaite",29,1142,2,5.99556407798082,2,2.51148060709238,23,12,3,0,"F M S","Barcelona",2,5.2522864388302,10.1046629045159,3.19240875262767,2020
8091,"Ronald Araújo",24,1498,2,2.39434752240777,1,0.190756853669882,12,3,3,0,"D S","Barcelona",2,2.39434752240777,8.30112639814615,7.90168794989586,2020
8979,"Sergiño Dest",30,1934,2,1.94123845081776,1,2.0678659202531,14,23,1,0,"D M S","Barcelona",2,1.94123845081776,12.3384365849197,9.08294292725623,2020
9011,"Óscar Mingueza",27,1915,2,0.970908904448152,2,1.06376465409994,12,8,4,0,"D S","Barcelona",2,0.970908904448152,10.9345460627228,10.1622723899782,2020
2104,"Sergi Roberto",15,939,1,0.416913477703929,2,2.11162273399532,5,13,1,0,"D M S","Barcelona",1,0.416913477703929,6.57240118086338,5.53887393325567,2020
5050,"Clement Lenglet",33,2477,1,2.40403587184846,0,0.794552352279425,11,9,7,2,"D S","Barcelona",1,2.40403587184846,19.133125949651,18.8947201855481,2020
6485,"Júnior Firpo",7,283,1,0.789705157279968,1,1.00504783540964,1,5,2,0,"D S","Barcelona",1,0.789705157279968,2.99569465219975,1.66035282611847,2020
7548,"Riqui Puig",14,273,1,0.792677519842982,0,0.240673691034317,4,5,1,0,"M S","Barcelona",1,0.792677519842982,2.93265238031745,2.70414753630757,2020
9243,"Ilaix Moriba",14,530,1,0.779459692537785,2,0.709491096436977,13,7,1,0,"M S","Barcelona",1,0.779459692537785,3.32635224610567,2.54440364614129,2020
1290,"Miralem Pjanic",19,610,0,1.42712002247572,0,0.901518763974309,16,12,1,0,"M S","Barcelona",0,1.42712002247572,6.62740845605731,5.13398280367255,2020
1297,"Neto",7,630,0,0,0,0,0,0,0,0,"GK","Barcelona",0,0,2.28265704959631,2.28265704959631,2020
2090,"Marc-André ter Stegen",31,2790,0,0.0562769509851933,0,0.0473353192210197,1,1,1,0,"GK","Barcelona",0,0.0562769509851933,7.56190195679665,7.56190195679665,2020
2092,"Gerard Piqué",18,1490,0,0.579996675252914,0,0.531342789530754,9,2,3,0,"D","Barcelona",0,0.579996675252914,8.81834627687931,8.52390944957733,2020
2095,"Sergio Busquets",36,2557,0,0.497556187212467,5,3.65467845462263,3,30,9,0,"M S","Barcelona",0,0.497556187212467,22.4580643177032,19.7861405238509,2020
3567,"Samuel Umtiti",13,633,0,0.125822216272354,0,0.0325469262897968,2,1,1,0,"D S","Barcelona",0,0.125822216272354,5.08969161659479,5.05714461952448,2020
5058,"Carles Aleñá",2,43,0,0.043813269585371,0,0,1,0,1,0,"S","Barcelona",0,0.043813269585371,0.376798998564482,0.376798998564482,2020
2370,"Karim Benzema",34,2914,23,19.4545215908438,9,6.75556772947311,123,38,2,0,"F S","Real Madrid",22,18.7112439218909,28.3039301633835,6.19414251856506,2020
2248,"Casemiro",34,2902,6,6.69009455386549,4,2.90579019114375,46,25,9,1,"M S","Real Madrid",6,6.69009455386549,14.2147753788158,10.2049722513184,2020
2117,"Marco Asensio",35,1886,5,4.13468640297651,2,3.18717857822776,39,33,1,0,"F M S","Real Madrid",5,4.13468640297651,11.4582597613335,6.09736880287528,2020
2250,"Luka Modric",35,2748,5,2.58304457180202,3,4.62877143733203,45,50,4,0,"M S","Real Madrid",5,2.58304457180202,16.791399884969,13.6018502861261,2020
2369,"Toni Kroos",28,2116,3,2.31115126609802,9,7.46713910065591,34,66,6,0,"M S","Real Madrid",3,2.31115126609802,12.4887877702713,8.93107004277408,2020
6241,"Federico Valverde",24,1345,3,2.58808981068432,1,3.19202849455178,21,22,0,0,"F M S","Real Madrid",3,2.58808981068432,10.6466583684087,6.48227249085903,2020
7008,"Vinícius Júnior",35,1972,3,6.82246508821845,3,5.29696206189692,40,33,3,0,"F M S","Real Madrid",3,6.82246508821845,14.8690748810768,4.58790973341092,2020
701,"Eden Hazard",14,530,2,1.33547183871269,2,0.742376428097486,9,6,0,0,"F M S","Real Madrid",2,1.33547183871269,2.66365701518953,1.02676748856902,2020
2245,"Raphael Varane",31,2718,2,2.72803605161607,0,0.170376700814813,18,4,2,0,"D","Real Madrid",2,2.72803605161607,9.33038146421313,9.13758784160018,2020
2246,"Sergio Ramos",15,1280,2,3.95098036713898,0,0.404448121786118,17,4,3,0,"D","Real Madrid",0,2.46442514844239,9.0602156855166,7.2166502289474,2020
2253,"Lucas Vázquez",24,1860,2,1.99453149922192,5,4.36261021532118,21,44,3,0,"D F M S","Real Madrid",2,1.99453149922192,11.2671240866184,7.67897131294012,2020
2418,"Álvaro Odriozola",13,828,2,0.709992602467537,0,0.57228229381144,3,8,0,0,"D S","Real Madrid",2,0.709992602467537,1.99043521657586,1.00142367556691,2020
2247,"Nacho",24,1998,1,1.30109251663089,0,0.213862910866737,11,4,8,0,"D S","Real Madrid",1,1.30109251663089,5.98928788863122,5.80645144544542,2020
5110,"Mariano",16,497,1,1.8230151142925,0,0.134896159172058,15,2,0,0,"F S","Real Madrid",1,1.8230151142925,2.2146287728101,0.433113323524594,2020
6233,"Ferland Mendy",26,2205,1,0.841043562628329,0,0.904470305889845,12,18,3,0,"D M S","Real Madrid",1,0.841043562628329,10.1136289127171,9.28725624457002,2020
7829,"Eder Militão",14,1131,1,0.881279122084379,0,0,12,0,3,1,"D S","Real Madrid",1,0.881279122084379,1.84641036391258,1.82740516215563,2020
8015,"Rodrygo",22,972,1,1.88940078951418,6,3.21104413643479,25,19,0,0,"F M S","Real Madrid",1,1.88940078951418,7.3264528773725,4.12522532232106,2020
680,"Thibaut Courtois",38,3420,0,0,0,0,0,0,0,0,"GK","Real Madrid",0,0,5.20689126290381,5.20689126290381,2020
2252,"Borja Mayoral",2,19,0,0,0,0,0,0,0,0,"S","Real Madrid",0,0,0.473838120698929,0.473838120698929,2020
2255,"Isco",25,890,0,1.62035220488906,2,1.46895356848836,20,19,1,0,"F M S","Real Madrid",0,1.62035220488906,6.94194879755378,5.34688099846244,2020
2257,"Marcelo",16,1053,0,0.499316847883165,2,1.9270097091794,12,16,3,0,"D S","Real Madrid",0,0.499316847883165,5.89299588650465,5.26883623376489,2020
2260,"Daniel Carvajal",13,950,0,0.513007812201977,2,0.957337712869048,9,9,5,0,"D S","Real Madrid",0,0.513007812201977,6.68094823136926,5.59010211750865,2020
2517,"Martin Odegaard",7,230,0,0.178914539515972,0,0.372611932456493,3,5,0,0,"M S","Real Madrid",0,0.178914539515972,0.670693285763264,0.168261613696814,2020
6228,"Luka Jovic",4,145,0,0.866251990199089,0,0.126332188025117,6,2,0,0,"F S","Real Madrid",0,0.866251990199089,0.899463586509228,0.0758497640490532,2020
6637,"Hugo Duro",2,52,0,0.0139566697180271,0,0.0799287632107735,1,1,0,0,"S","Real Madrid",0,0.0139566697180271,0.0916119813919067,0.0116832163184881,2020
8513,"Miguel Gutiérrez",6,313,0,0,1,0.292668737471104,0,4,0,0,"D S","Real Madrid",0,0,0.763631291687489,0.696678049862385,2020
8862,"Sergio Arribas",8,123,0,0.0279044378548861,0,0.0507846437394619,1,1,1,0,"S","Real Madrid",0,0.0279044378548861,1.23213413543999,1.15344507992268,2020
8863,"Marvin Park",4,135,0,0.0663153976202011,1,0.0816142093390226,1,2,0,0,"D S","Real Madrid",0,0.0663153976202011,0.378854751586914,0.230925142765045,2020
8972,"Victor Chust",2,94,0,0,0,0,0,0,0,0,"D S","Real Madrid",0,0,0.206805363297462,0.206805363297462,2020
9280,"Antonio Blanco",4,216,0,0.033094591461122,0,0.138453111052513,2,2,0,0,"M S","Real Madrid",0,0.033094591461122,1.05126865208149,1.01817402243614,2020
2186,"Morales",38,2469,14,7.80459464900196,3,4.62081933766603,58,34,3,0,"F M S","Levante",14,7.06144495867193,12.5813704226166,3.26999441999942,2020
2566,"Roger",33,2218,12,9.54437391087413,4,2.57286848127842,46,18,4,0,"F S","Levante",10,6.57126343622804,12.849092207849,4.27777095604688,2020
6953,"Gonzalo Melero",29,1868,7,3.86656470224261,1,1.59938976634294,28,20,4,0,"F M S","Levante",7,3.86656470224261,11.2507797516882,8.10392863862216,2020
8107,"Jorge De Frutos",37,2186,4,3.8012582026422,9,4.08036628458649,26,42,3,0,"D M S","Levante",4,3.8012582026422,11.2096418216825,5.31231036782265,2020
5095,"Sergio León",28,716,2,2.59183161333203,0,0.307072276249528,19,6,0,0,"F S","Levante",2,2.59183161333203,4.66203373856843,1.93524566479027,2020
8774,"Dani Gómez",34,1671,2,3.16632917709649,2,0.744951183907688,31,11,3,0,"F S","Levante",2,3.16632917709649,4.75372100248933,2.11613400839269,2020
2386,"Rúben Vezo",32,2306,1,0.263461409136653,0,0.172537816688418,5,3,7,0,"D S","Levante",1,0.263461409136653,7.44968600012362,7.25557576771826,2020
2435,"Óscar Duarte",29,2060,1,0.810903054196388,0,0.13322588801384,7,4,2,0,"D S","Levante",1,0.810903054196388,4.88186754751951,4.84811347629875,2020
4034,"José Campaña",9,747,1,1.45183534547687,2,2.17662291228771,13,14,1,0,"M S","Levante",0,0.708557728677988,3.23661066032946,1.98697488382459,2020
6217,"Enis Bardhi",26,1687,1,2.81618812866509,2,1.07522849552333,36,21,4,0,"F M S","Levante",1,2.81618812866509,7.52506291959435,4.29508644435555,2020
8907,"Mickaël Malsa",35,2349,1,1.1669950382784,0,0.485132523812354,24,12,5,0,"M S","Levante",1,1.1669950382784,9.6026258720085,8.45055587403476,2020
2073,"Coke",17,840,0,0.298104884102941,0,0.504123656079173,9,4,1,0,"D S","Levante",0,0.298104884102941,2.31884882599115,1.79492574185133,2020
2079,"Rubén Rochina",25,1404,0,1.24758060555905,1,1.52728684619069,35,16,5,0,"M S","Levante",0,1.24758060555905,4.84635668527335,3.07541441824287,2020
2187,"Toño",12,733,0,0.0332597605884075,2,0.395169666036963,2,6,2,0,"D M S","Levante",0,0.0332597605884075,1.57339749857783,1.32614056579769,2020
2289,"Nemanja Radoja",21,1118,0,0.175452289171517,2,0.397411644458771,6,3,1,0,"M S","Levante",0,0.175452289171517,4.97582571208477,4.65388347953558,2020
2326,"Rober",19,1432,0,0.24175445176661,1,0.726870808750391,7,4,3,1,"D M S","Levante",0,0.24175445176661,2.57993131689727,2.44093886204064,2020
4193,"Aitor Fernández",29,2610,0,0,0,0,0,0,0,0,"GK","Levante",0,0,3.33566625602543,3.33566625602543,2020
4741,"Cheick Doukoure",7,85,0,0,0,0.0424267500638962,0,1,1,0,"S","Levante",0,0,0.0424267500638962,0,2020
5101,"Carlos Clerc",35,2772,0,0.266443787142634,3,3.37647673953325,6,22,5,0,"D S","Levante",0,0.266443787142634,11.4090620931238,8.03650838881731,2020
6215,"Sergio Postigo",22,1622,0,0.0587040185928345,0,0.138077363371849,1,3,4,0,"D S","Levante",0,0.0587040185928345,4.70498666539788,4.65259527415037,2020
6495,"Koke",1,90,0,0,0,0,0,0,0,0,"GK","Levante",0,0,0.0232064221054316,0.0232064221054316,2020
6949,"Jorge Miramón",26,1729,0,0.457945866510272,3,2.10343116521835,10,16,1,0,"D M S","Levante",0,0.457945866510272,6.71629895083606,5.79327840916812,2020
7155,"Nikola Vukcevic",13,818,0,0.218639202415943,0,0.190470822155476,2,4,4,0,"M S","Levante",0,0.218639202415943,1.8662498369813,1.67577895522118,2020
8108,"Daniel Cárdenas",8,720,0,0,0,0,0,0,1,0,"GK","Levante",0,0,1.19092829991132,1.19092829991132,2020
8425,"Giorgi Kochorashvili",3,18,0,0.00886364653706551,0,0.0621777586638927,1,1,0,0,"S","Levante",0,0.00886364653706551,0.0621777586638927,0,2020
8525,"Álex Blesa",1,7,0,0,0,0,0,0,0,0,"S","Levante",0,0,0.394758462905884,0.394758462905884,2020
8775,"Son",28,1080,0,0.540201810188591,0,0.967217685654759,8,18,3,0,"D M S","Levante",0,0.540201810188591,3.09034329839051,2.13698111474514,2020
9174,"Edgar Sevikyan",1,5,0,0,0,0,0,0,0,0,"S","Levante",0,0,0,0,2020
9496,"Alejandro Cantero",4,245,0,0.442343883216381,0,1.08256656304002,3,3,1,0,"F S","Levante",0,0.442343883216381,1.41551998630166,0.326268255710602,2020
2290,"Iago Aspas",33,2878,14,12.2550595663488,13,9.30638791061938,51,62,9,0,"F M","Celta Vigo",9,8.53905517980456,25.3591107055545,11.4440896566957,2020
2384,"Santi Mina",34,2443,12,9.3563068844378,3,2.62564789131284,45,15,4,0,"F S","Celta Vigo",11,8.61302924528718,14.6860055308789,5.21865784004331,2020
6227,"Brais Méndez",34,2693,9,7.97869545221329,0,2.93972327187657,50,19,7,0,"F M S","Celta Vigo",8,7.23541781678796,16.746947620064,9.0022906344384,2020
1732,"Nolito",36,2671,7,6.98414037376642,5,5.50757552497089,55,35,7,0,"F M S","Celta Vigo",7,6.98414037376642,20.0861921012402,9.36248166114092,2020
2281,"Hugo Mallo",31,2608,3,2.52175318542868,1,3.27760677784681,20,17,8,0,"D S","Celta Vigo",3,2.52175318542868,12.9010300254449,8.20348563417792,2020
6931,"Fran Beltrán",32,1385,3,1.49181404151022,0,0.434040335938334,19,4,3,0,"M S","Celta Vigo",3,1.49181404151022,6.12193300202489,4.400579277426,2020
1508,"Jeison Murillo",31,2708,2,0.696619290858507,0,0.186750449240208,9,3,9,1,"D","Celta Vigo",2,0.696619290858507,6.74475540965796,6.67254061251879,2020
9305,"Augusto Solari",16,466,2,1.18631762266159,2,1.73933223821223,5,10,2,0,"M S","Celta Vigo",2,1.18631762266159,3.05701743066311,1.23769521526992,2020
4515,"Facundo Ferreyra",13,272,1,1.4120066203177,0,0,7,0,3,1,"F S","Celta Vigo",1,1.4120066203177,1.26826772466302,0,2020
8122,"Sergio Carreira",3,263,1,0.768148630857468,0,0.104464307427406,2,1,0,0,"D","Celta Vigo",1,0.768148630857468,1.25514003634453,0.382527112960815,2020
8711,"Miguel Baeza",22,509,1,2.14130116067827,0,0.628497026860714,11,8,0,0,"M S","Celta Vigo",1,2.14130116067827,3.45202634949237,0.853546344675124,2020
2293,"Rubén Blanco",19,1647,0,0,0,0,0,0,0,1,"GK","Celta Vigo",0,0,2.38343641906977,2.38343641906977,2020
2308,"Denis Suárez",35,2882,0,0.937725018709898,9,5.41594892926514,16,46,10,0,"M S","Celta Vigo",0,0.937725018709898,16.3466447107494,12.8024151027203,2020
4202,"Kevin",8,556,0,0.0238718912005424,0,0,1,0,3,0,"D S","Celta Vigo",0,0.0238718912005424,1.09386470168829,1.06999281048775,2020
5033,"Iván Villar",21,1771,0,0,0,0,0,0,1,0,"GK S","Celta Vigo",0,0,0.916727684438229,0.916727684438229,2020
5133,"Aarón Martín",19,1541,0,0.182607565075159,3,0.937577832490206,5,6,1,0,"D S","Celta Vigo",0,0.182607565075159,4.79662633873522,4.4880438465625,2020
5272,"Emre Mor",11,508,0,0.380391899496317,0,0.210883021354675,8,3,2,0,"F M S","Celta Vigo",0,0.380391899496317,0.482717424631119,0.0118670836091042,2020
6930,"Néstor Araújo",33,2417,0,0.28920457046479,0,0.774447420611978,6,4,5,0,"D S","Celta Vigo",0,0.28920457046479,6.73179221153259,6.29036431759596,2020
6932,"Okay Yokuslu",12,437,0,0.418801140040159,0,0.376966170966625,3,5,4,1,"M S","Celta Vigo",0,0.418801140040159,2.91516563296318,2.25539072602987,2020
7514,"Lucas Olaza",18,1619,0,0.370312650687993,2,3.13236398808658,11,14,4,0,"D","Celta Vigo",0,0.370312650687993,8.66719815507531,6.90246642753482,2020
7826,"Joseph Aidoo",25,1276,0,0.800519623793662,0,0.340390555560589,9,2,3,0,"D S","Celta Vigo",0,0.800519623793662,3.81591765768826,3.52508171834052,2020
8433,"José Manuel Fontán",14,640,0,0.354750629514456,0,0,5,0,1,1,"D S","Celta Vigo",0,0.354750629514456,1.25162955373526,1.2187822945416,2020
8710,"Renato Tapia",32,2724,0,1.17714309133589,1,0.452486291527748,17,9,11,0,"M","Celta Vigo",0,1.17714309133589,11.5723428539932,11.1939308606088,2020
8712,"Miguel Rodriguez",4,22,0,0,0,0,0,0,2,0,"S","Celta Vigo",0,0,0.0118670836091042,0.0118670836091042,2020
8713,"Gabriel Veiga",6,109,0,0,0,0.035649374127388,0,1,0,0,"M S","Celta Vigo",0,0,0.0918743759393692,0.0562250018119812,2020
9173,"Lautaro de León",1,8,0,0,0,0,0,0,0,0,"S","Celta Vigo",0,0,0,0,2020
9240,"Jordan Holsgrove",5,131,0,0.0528807193040848,0,0.0209329165518284,1,1,0,0,"S","Celta Vigo",0,0.0528807193040848,0.167340021580458,0.114459302276373,2020
9241,"Alfon",2,29,0,0.0669913291931152,0,0.0528807193040848,1,1,0,0,"S","Celta Vigo",0,0.0669913291931152,0.1198720484972,0.0669913291931152,2020
9519,"Carlos Domínguez",4,360,0,0.0675498768687248,0,0.0348939634859562,1,1,2,0,"D","Celta Vigo",0,0.0675498768687248,0.248290788382292,0.248290788382292,2020
9520,"Hugo Sotelo",1,1,0,0,0,0,0,0,0,0,"S","Celta Vigo",0,0,0,0,2020
2543,"Borja Iglesias",28,1413,11,8.94885246455669,0,0.644579209387302,38,6,2,0,"F S","Real Betis",6,5.23259222880006,6.35737593844533,2.43053766898811,2020
2571,"Sergio Canales",31,2509,8,5.70878504216671,6,7.23044069111347,47,60,4,0,"M S","Real Betis",6,3.4790800884366,12.3214298225939,6.18974338285625,2020
1421,"Cristian Tello",29,1264,5,2.58429664932191,3,2.18940525501966,35,20,0,1,"F M S","Real Betis",5,2.58429664932191,6.69411457702518,2.24025464337319,2020
3667,"Nabil Fekir",33,2660,5,7.13775969296694,5,5.15604259632528,86,52,5,1,"F M","Real Betis",4,4.90818318724632,13.0824869684875,6.09853789769113,2020
2217,"Antonio Sanabria",16,938,3,4.91333265602589,0,0.0884487330913544,25,3,2,0,"F S","Real Betis",3,4.91333265602589,6.03644726797938,1.76832407340407,2020
3237,"Aissa Mandi",28,2399,3,2.49470172729343,1,1.02460263669491,8,4,4,2,"D S","Real Betis",3,2.49470172729343,3.8862496111542,3.83971023000777,2020
897,"Juanmi",16,600,2,3.07591167092323,0,0.0456148134544492,14,2,1,0,"F M S","Real Betis",2,3.07591167092323,2.59930035099387,0.882541810162365,2020
2148,"Joaquín",27,1310,2,0.591527981683612,5,2.5785986892879,10,31,2,0,"F M S","Real Betis",2,0.591527981683612,4.87631108053029,3.3052452718839,2020
2298,"Víctor Ruiz",27,2148,2,1.52868891134858,0,0.0480845049023628,4,2,9,0,"D S","Real Betis",2,1.52868891134858,4.94083593226969,4.90178054012358,2020
6427,"Aitor Ruibal",28,1617,2,2.73649534396827,2,2.0533658657223,33,24,2,0,"D M S","Real Betis",2,2.73649534396827,6.42249936796725,2.74035117402673,2020
6926,"William Carvalho",27,1215,2,1.40566703118384,0,0.592508280649781,15,9,4,1,"M S","Real Betis",2,1.40566703118384,3.30334275774658,2.28175845555961,2020
6164,"Andrés Guardado",24,1333,1,0.348807135596871,0,0.29296487942338,11,8,4,0,"M S","Real Betis",1,0.348807135596871,4.73053499870002,4.38693429902196,2020
6528,"Loren Morón",26,964,1,3.1141449874267,0,0.4168148804456,24,7,2,0,"F S","Real Betis",1,3.1141449874267,3.14368694275618,0.269266162067652,2020
7286,"Juan Miranda",22,1647,1,0.837308553978801,2,1.39941498637199,10,12,4,0,"D S","Real Betis",1,0.837308553978801,4.18650753423572,2.30847053974867,2020
7430,"Emerson",34,2998,1,1.39794892724603,4,3.18540761061013,11,33,9,1,"D","Real Betis",1,1.39794892724603,11.8345370814204,9.57417453452945,2020
8267,"Guido Rodríguez",35,2879,1,1.84852826036513,0,0.643049199134111,30,11,10,0,"M S","Real Betis",1,1.84852826036513,7.99827197287232,7.33686333615333,2020
584,"Joel Robles",18,1620,0,0,0,0.0217814967036247,0,1,2,0,"GK","Real Betis",0,0,0.792535675689578,0.770754178985953,2020
1731,"Claudio Bravo",20,1800,0,0,0,0.0820737071335316,0,3,3,0,"GK","Real Betis",0,0,2.60341431945562,2.52134059555829,2020
1950,"Martín Montoya",5,233,0,0.082638151012361,0,0.470637671649456,2,4,0,1,"D S","Real Betis",0,0.082638151012361,1.01858663931489,0.473344307392836,2020
2314,"Sidnei",11,691,0,0.110143750905991,0,0,1,0,1,0,"D S","Real Betis",0,0.110143750905991,0.735219677910209,0.735219677910209,2020
2453,"Marc Bartra",19,1700,0,0.36776483990252,1,0.91159815620631,10,3,3,0,"D","Real Betis",0,0.36776483990252,3.31595158204436,3.26747730001807,2020
4120,"Álex Moreno",23,1787,0,1.05134338885546,2,2.77957477606833,11,18,4,0,"D S","Real Betis",0,1.05134338885546,7.31063015386462,4.66240366920829,2020
7354,"Diego Lainez",21,840,0,0.600554451346397,2,0.548598339781165,13,13,5,0,"M S","Real Betis",0,0.600554451346397,2.60156944580376,1.83735950104892,2020
7355,"Paul Akouokou",10,374,0,0,0,0.579564144834876,0,2,3,1,"M S","Real Betis",0,0,1.24818002618849,0.668615866452456,2020
8410,"Rodrigo Sánchez",15,527,0,0.195097396150231,0,0.696302531287074,5,8,0,0,"M S","Real Betis",0,0.195097396150231,1.58897371962667,0.896450920030475,2020
2120,"Gerard Moreno",33,2680,23,19.5281288325787,7,7.81023644283414,98,43,3,0,"F M S","Villarreal",13,12.0954804196954,23.2635301947594,6.95129781775177,2020
2380,"Paco Alcácer",27,1568,6,8.91655120067298,4,3.04987160116434,37,16,0,0,"F S","Villarreal",5,7.42999597452581,10.2102924045175,1.46029969491065,2020
1125,"Carlos Bacca",23,778,5,3.80711030587554,0,1.2340890057385,20,5,1,0,"F S","Villarreal",5,3.80711030587554,5.4154343623668,1.02883008308709,2020
2198,"Moi Gómez",35,2586,4,4.15580208972096,0,2.76977057009935,23,31,1,0,"F M S","Villarreal",3,3.41252448037267,11.5813626721501,7.48522090539336,2020
7208,"Samuel Chukwueze",28,1344,4,3.20168993994594,2,2.56854621134698,31,28,0,0,"F M S","Villarreal",4,3.20168993994594,8.28949344530702,3.25201544165611,2020
2378,"Daniel Parejo",36,3135,3,1.44894818589091,5,5.40774522069842,27,44,4,0,"M","Villarreal",3,1.44894818589091,19.9721303917468,17.0838720612228,2020
8271,"Fernando Niño",17,598,3,4.10132671520114,0,0.213156865909696,14,4,1,0,"F S","Villarreal",3,4.10132671520114,5.0513703674078,1.38899870216846,2020
9024,"Yeremi Pino",24,763,3,0.996430579572916,1,1.52164798788726,13,10,4,0,"F M S","Villarreal",3,0.996430579572916,3.95212721452117,1.90210727602243,2020
6221,"Pau Torres",33,2970,2,1.08194821421057,2,0.79529738612473,8,6,2,0,"D","Villarreal",2,1.08194821421057,11.6634457651526,11.3335253465921,2020
572,"Etienne Capoue",16,1221,1,0.297410473227501,0,0.171638403087854,8,3,5,1,"M S","Villarreal",1,0.297410473227501,2.80709513649344,2.49120339751244,2020
2301,"Manu Trigueros",35,2558,1,2.22535706777126,6,4.77248251438141,30,34,6,1,"F M S","Villarreal",1,2.22535706777126,16.826004434377,11.4192140139639,2020
2521,"Alfonso",29,2118,1,1.51179999951273,2,4.14318583905697,22,27,8,0,"D M S","Villarreal",1,1.51179999951273,9.15659365057945,5.44489071518183,2020
5075,"Rubén Peña",19,1113,1,0.72576542943716,1,0.633133940398693,6,6,1,0,"D F M S","Villarreal",1,0.72576542943716,3.37815436720848,2.48556086421013,2020
497,"Francis Coquelin",22,717,0,0.206545170396566,0,0.697206258773804,4,4,4,0,"M S","Villarreal",0,0.206545170396566,3.31920149177313,2.54732771962881,2020
597,"Ramiro Funes Mori",10,725,0,0.777675816789269,0,0,4,0,1,0,"D S","Villarreal",0,0.777675816789269,2.26671409606934,2.19809481501579,2020
608,"Alberto Moreno",5,188,0,0.215618602931499,0,0,4,0,0,0,"D S","Villarreal",0,0.215618602931499,0.795762863010168,0.757172133773565,2020
1588,"Raúl Albiol",35,3126,0,0.781050093472004,0,0.719302821904421,8,4,7,0,"D","Villarreal",0,0.781050093472004,12.38700077869,12.2851914335042,2020
2065,"Vicente Iborra",13,920,0,0.0904838796705008,0,0.0856471788138151,3,2,4,0,"M S","Villarreal",0,0.0904838796705008,4.42434478551149,4.33035353571177,2020
2225,"Gerónimo Rulli",2,180,0,0,0,0,0,0,0,0,"GK","Villarreal",0,0,0.506076723337173,0.506076723337173,2020
2296,"Mario",24,1853,0,1.12413015961647,2,2.3633553609252,16,12,3,0,"D S","Villarreal",0,1.12413015961647,10.0885437317193,7.9719588663429,2020
2460,"Sergio Asenjo",36,3240,0,0,0,0,0,0,2,0,"GK","Villarreal",0,0,7.06206564232707,7.06206564232707,2020
2539,"Jaume Costa",14,330,0,0.0622780900448561,1,0.286096706986427,2,5,1,0,"D S","Villarreal",0,0.0622780900448561,2.33923557959497,2.12112109176815,2020
5136,"Estupiñán",25,1153,0,0.477828426286578,0,1.81792109459639,10,17,1,0,"D S","Villarreal",0,0.477828426286578,5.74274564906955,4.30281864851713,2020
5199,"Raba",5,140,0,0.355650600045919,0,0.047118216753006,6,2,0,0,"M S","Villarreal",0,0.355650600045919,0.372296869754791,0.105497226119041,2020
6306,"Juan Foyth",16,1171,0,0.137636139988899,0,0.123196121305227,1,3,5,0,"D M S","Villarreal",0,0.137636139988899,4.67546905577183,4.62949933111668,2020
8001,"Takefusa Kubo",13,280,0,1.64194248989224,0,0.545548746362329,8,9,0,1,"F M S","Villarreal",0,1.64194248989224,2.59249130450189,0.535281183198094,2020
8306,"Sofian Chakla",1,9,0,0.0222465265542269,0,0,1,0,0,0,"S","Villarreal",0,0.0222465265542269,0,0,2020
8417,"Álex Baena",6,132,0,0.0865132138133049,0,0.0433834046125412,2,2,0,0,"M S","Villarreal",0,0.0865132138133049,0.213240506127477,0.127621792256832,2020
9203,"Álex Millán",1,1,0,0,0,0,0,0,0,0,"S","Villarreal",0,0,0,0,2020
2311,"Roberto Soldado",29,1452,9,5.59218308143318,0,0.590696050319821,29,9,6,1,"F S","Granada",7,4.10562782548368,4.12690104171634,0.643464479595423,2020
2155,"Jorge Molina",33,1604,8,5.95767533034086,2,1.94753972068429,24,20,3,0,"F M S","Granada",8,5.21439772099257,8.62479795143008,2.01319273561239,2020
8978,"Luis Suárez",27,1666,5,5.40224494645372,1,1.29567625466734,47,13,6,0,"F M S","Granada",5,5.40224494645372,8.01818264136091,1.84031130746007,2020
689,"Kenedy",28,1494,4,2.00048887915909,3,3.70757713727653,37,18,3,0,"D F M S","Granada",4,2.00048887915909,4.92728275433183,1.6200027000159,2020
4226,"Darwin Machís",32,2027,4,5.51203396171331,5,5.12157782260329,47,25,1,0,"F M S","Granada",4,4.76914178580046,9.67741390597075,2.13570758327842,2020
7350,"Yangel Herrera",32,2311,3,3.55877541750669,1,0.801942273974419,33,11,7,0,"M S","Granada",3,3.55877541750669,5.83989354968071,3.98003891203552,2020
7861,"Germán Sánchez",34,2629,3,2.57104970142245,1,0.170920222997665,13,2,11,1,"D S","Granada",3,2.57104970142245,1.36699617514387,1.26652957359329,2020
7863,"Antonio Puertas",35,2157,3,3.4735322277993,5,1.94445448089391,26,17,6,0,"D F M S","Granada",3,3.4735322277993,4.87887143343687,1.28249752148986,2020
5573,"Domingos Quina",8,344,2,0.296176245436072,0,0.147463234141469,8,5,1,0,"M S","Granada",2,0.296176245436072,0.482479345053434,0.0531938653439283,2020
2158,"Quini",19,1172,1,0.255389533936977,0,0.190347861498594,8,4,5,0,"D S","Granada",1,0.255389533936977,1.7782890573144,1.4665831848979,2020
2368,"Montoro",22,1387,1,1.15773996524513,1,2.67659414745867,15,21,6,0,"M S","Granada",0,0.414462342858315,2.5104666557163,1.60634168237448,2020
7860,"Domingos Duarte",29,2368,1,0.978238373994827,0,0.319383189082146,6,6,5,1,"D S","Granada",1,0.978238373994827,2.58680596202612,2.4098134925589,2020
8725,"Luis Milla",16,1266,1,0.587190428748727,1,2.58003263175488,10,17,1,0,"M S","Granada",1,0.587190428748727,2.10371743887663,1.04864059574902,2020
8726,"Alberto Soro",15,364,1,0.616205796599388,2,0.292668366804719,2,6,1,0,"M S","Granada",1,0.616205796599388,1.53581356629729,0.77118581905961,2020
2346,"Aarón",5,450,0,0,0,0,0,0,1,0,"GK","Granada",0,0,0.490168511867523,0.490168511867523,2020
2483,"Adrián Marín",9,264,0,0.0530539937317371,1,0.298153430223465,1,1,1,0,"D M S","Granada",0,0.0530539937317371,0.440285664051771,0.0890782251954079,2020
2509,"Dimitri Foulquier",32,2688,0,0.746169447898865,4,1.35952575318515,8,10,7,0,"D M","Granada",0,0.746169447898865,4.27101401984692,2.95373187959194,2020
3274,"Maxime Gonalons",25,1486,0,0.0985525846481323,1,0.924304403364658,4,7,7,1,"M S","Granada",0,0.0985525846481323,3.08192694373429,2.95569093711674,2020
4051,"Ramón Azeez",2,97,0,0.0808924809098244,0,0,2,0,0,0,"M S","Granada",0,0.0808924809098244,0.0808924809098244,0.0255500487983227,2020
4069,"Fede Vico",20,757,0,0.741417903453112,0,0.938519891351461,10,8,1,0,"M S","Granada",0,0.741417903453112,1.51171007379889,0.499770995229483,2020
5109,"Rui Silva",32,2880,0,0,0,0.0366312898695469,0,1,1,0,"GK","Granada",0,0,2.43240717798471,2.39577588811517,2020
5117,"Víctor Díaz",17,815,0,0.483841782435775,2,0.720689080655575,5,8,3,0,"D S","Granada",0,0.483841782435775,1.20970192551613,1.09340631961823,2020
5234,"Jesús Vallejo",21,1360,0,0.108980648219585,0,0.0839043706655502,1,1,2,1,"D M S","Granada",0,0.108980648219585,1.66397760249674,1.66397760249674,2020
7516,"Nehuén Pérez",14,732,0,0.778791651129723,0,0,5,0,4,0,"D S","Granada",0,0.778791651129723,0.724799489602447,0.724799489602447,2020
7862,"Yan Eteki",25,1327,0,0.243417108431458,0,0.0924590276554227,7,4,4,1,"M S","Granada",0,0.243417108431458,0.690791284665465,0.386451441794634,2020
7864,"Carlos Neva",22,1806,0,0.714501327835023,0,0.271553536877036,8,6,1,0,"D S","Granada",0,0.714501327835023,2.71052349358797,1.7914428897202,2020
8215,"Pepe Sanchez",3,256,0,0.0198007207363844,0,0.133670285344124,1,2,0,0,"D","Granada",0,0.0198007207363844,0.256365835666656,0.122695565223694,2020
9109,"Ángel Jiménez",1,90,0,0,0,0,0,0,0,0,"GK","Granada",0,0,0,0,2020
9110,"Sergio Barcia",1,90,0,0,0,0,0,0,1,0,"D","Granada",0,0,0,0,2020
9111,"Isma Ruiz",1,69,0,0,0,0,0,0,0,0,"M","Granada",0,0,0,0,2020
9112,"Kingsley Fobi",1,43,0,0,0,0,0,0,0,0,"S","Granada",0,0,0,0,2020
9113,"Álvaro Bravo",1,13,0,0,0,0,0,0,0,0,"S","Granada",0,0,0,0,2020
9114,"Juan Brunet",2,22,0,0,0,0,0,0,0,0,"S","Granada",0,0,0,0,2020
9115,"Daniel Plomer",1,43,0,0,0,0,0,0,0,0,"S","Granada",0,0,0,0,2020
5074,"Kike García",37,3124,12,10.6102457297966,2,1.89975461736321,87,25,2,1,"F S","Eibar",12,10.6102457297966,14.6460814643651,4.45128511637449,2020
7338,"Bryan Gil Salvatierra",28,2282,4,3.61638732627034,3,4.62823614478111,39,51,6,0,"F M S","Eibar",4,3.61638732627034,10.4474049732089,4.99073230475187,2020
2135,"Sergi Enrich",27,1388,3,7.19498489052057,0,0.829090726561844,45,16,1,0,"F S","Eibar",3,6.45170728117228,9.14275990705937,3.76265175268054,2020
8135,"Esteban Burgos",14,1120,3,3.40007621049881,1,0.775712087750435,6,2,5,0,"D S","Eibar",1,1.17037123441696,0.723087219521403,0.623028768226504,2020
47,"Yoshinori Muto",26,1118,1,2.47788131609559,1,1.09378445800394,22,11,1,0,"F M S","Eibar",1,2.47788131609559,3.72241937369108,1.1404266487807,2020
452,"Takashi Inui",28,1844,1,2.32022148184478,0,1.49278956465423,37,14,0,0,"F M S","Eibar",1,2.32022148184478,4.52456523478031,1.54069386888295,2020
2112,"Papakouly Diop",33,2343,1,1.83670289348811,1,0.980200285091996,29,13,7,2,"M S","Eibar",1,1.83670289348811,3.10204743221402,1.70997462328523,2020
2197,"Pedro León",24,932,1,1.07590174581856,2,2.40542117878795,18,19,2,0,"F M S","Eibar",1,1.07590174581856,2.68698279932141,0.557818343862891,2020
2337,"Recio",17,724,1,1.295275866054,0,0.729254230856895,14,14,5,0,"M S","Eibar",0,0.551998256705701,2.65828918106854,2.34924399107695,2020
5153,"Kévin Rodrigues",22,1076,1,0.774178786203265,1,0.506720692850649,10,11,1,0,"D M S","Eibar",1,0.774178786203265,2.34343279153109,1.3676699148491,2020
6224,"Marko Dmitrovic",35,3124,1,1.55889461189508,0,0.301270430907607,3,4,0,0,"GK","Eibar",0,0.0724673047661781,1.23781220056117,0.936541777104139,2020
1055,"Aleix García",11,427,0,0.095296572893858,1,0.777838679030538,3,11,1,0,"M S","Eibar",0,0.095296572893858,0.833841945976019,0.604036939330399,2020
2119,"Rober Correa",15,1147,0,0.17709955573082,2,1.60772429779172,6,11,3,0,"D S","Eibar",0,0.17709955573082,2.65391129720956,1.19546328485012,2020
2157,"Yoel",4,296,0,0,0,0,0,0,0,0,"GK S","Eibar",0,0,0.0726307928562164,0.0726307928562164,2020
2212,"Sergio Álvarez",27,1567,0,0.298091029748321,0,0.382625255733728,6,6,3,0,"D M S","Eibar",0,0.298091029748321,2.27945656981319,1.88404817599803,2020
2353,"Pedro Bigas",21,1531,0,0.52300984505564,0,0.0206739585846663,10,1,1,0,"D S","Eibar",0,0.52300984505564,1.20591397490352,1.06076454371214,2020
2519,"Tejero",2,107,0,0.0313911028206348,0,0.115263134241104,2,3,1,0,"D S","Eibar",0,0.0313911028206348,0.168805778026581,0.0408194735646248,2020
2586,"Anaitz Arbilla",34,2800,0,1.36677004443482,1,0.892367506399751,27,10,8,0,"D S","Eibar",0,1.36677004443482,5.06136798858643,4.58267648145556,2020
4188,"Quique González",12,147,0,0.203022450208664,0,0.0800413861870766,4,1,0,0,"S","Eibar",0,0.203022450208664,0.305116457864642,0.0575148295611143,2020
5081,"Edu Expósito",31,2467,0,2.9681410221383,3,3.37053940817714,43,43,4,0,"M S","Eibar",0,1.48158579226583,7.4515493363142,4.35226322151721,2020
5126,"José Ángel",14,906,0,0.0262069124728441,0,1.00962580740452,2,9,3,0,"D M S","Eibar",0,0.0262069124728441,1.99950410798192,1.16002134792507,2020
5138,"Alejandro Pozo",30,2180,0,0.260658579878509,0,1.12930581718683,11,12,4,0,"D F M S","Eibar",0,0.260658579878509,3.79454093053937,3.12965944968164,2020
6225,"Paulo Oliveira",31,2637,0,0.865486290305853,1,0.812409747391939,14,3,4,0,"D S","Eibar",0,0.865486290305853,2.79672936256975,2.43558875378221,2020
8209,"Miguel Ángel Atienza",12,837,0,0.256659906357527,0,0.141781945712864,5,4,1,0,"M S","Eibar",0,0.256659906357527,2.00462339259684,1.70041390508413,2020
8210,"Sergio Cubero",1,1,0,0,0,0,0,0,0,0,"S","Eibar",0,0,0,0,2020
8390,"Rafa Soares",19,1132,0,0.0824162755161524,1,1.56753961462528,2,16,2,0,"D S","Eibar",0,0.0824162755161524,2.23182924091816,1.49283758923411,2020
8542,"Unai Dufur",1,63,0,0,0,0,0,0,0,0,"D","Eibar",0,0,0,0,2020
8707,"Damian Kadzior",6,193,0,0.169147226959467,0,0.0108284298330545,5,1,0,0,"F M S","Eibar",0,0.169147226959467,0.134628491476178,0.0434049591422081,2020
8708,"Unai Arietaleanizbeaskoa",4,36,0,0.0192624218761921,0,0,1,0,1,0,"S","Eibar",0,0.0192624218761921,0.105547651648521,0.0862852334976196,2020
8709,"Eñaut Mendía",1,64,0,0.0110505307093263,0,0,1,0,1,0,"M","Eibar",0,0.0110505307093263,0,0,2020
1235,"Ante Budimir",30,1628,11,9.92860315274447,0,0.774370910599828,46,9,3,0,"F S","Osasuna",11,9.92860315274447,9.38005017489195,0.958333762362599,2020
5093,"Roberto Torres",35,1869,7,6.14162431098521,1,2.2138953357935,48,20,0,0,"F M S","Osasuna",3,2.42523620463908,5.59268869273365,2.77816480956972,2020
1672,"Jonathan Calleri",25,1560,5,5.45092544332147,2,0.785949653014541,48,10,4,0,"F S","Osasuna",5,5.45092544332147,7.06638046354055,2.00084429234266,2020
2183,"Rubén García",37,2762,3,2.55116233322769,5,5.70818330254406,30,53,2,0,"D F M S","Osasuna",2,1.80788470525295,9.07271896861494,5.43935702461749,2020
5037,"Darko Brasanac",16,902,2,0.918861269019544,0,0.151547672227025,8,5,4,0,"M S","Osasuna",2,0.918861269019544,3.67469729017466,2.60428835824132,2020
5140,"Kike Barja",33,1438,2,2.15142422541976,3,2.30077794380486,22,16,2,0,"F M S","Osasuna",2,2.15142422541976,5.85203644633293,1.86052336916327,2020
7857,"Jon Moncayola",36,2660,2,1.17062326380983,0,1.02451947424561,38,17,5,1,"M S","Osasuna",2,1.17062326380983,5.86902403831482,4.47281987965107,2020
1884,"Facundo Roncaglia",17,1238,1,0.430726885795593,1,0.545975350774825,13,5,1,1,"D S","Osasuna",1,0.430726885795593,2.67933704890311,1.88041220419109,2020
2305,"Adrián",17,468,1,1.43717470392585,1,0.14459365233779,10,4,0,0,"F S","Osasuna",1,1.43717470392585,1.89562593027949,0.583374511450529,2020
5090,"David García",35,3150,1,1.57508228626102,0,0.567785575985909,13,5,8,0,"D","Osasuna",1,1.57508228626102,2.97567517869174,2.89129327423871,2020
8263,"Javi Martínez",13,470,1,0.770971037447453,1,0.384214669466019,3,6,1,0,"F M S","Osasuna",1,0.770971037447453,1.59679381456226,0.533301207236946,2020
2188,"Rubén Martínez",3,187,0,0,0,0,0,0,0,1,"GK","Osasuna",0,0,0.122959241271019,0.122959241271019,2020
2216,"Jony",22,869,0,0.63925364241004,2,2.62133898213506,10,19,0,0,"F M S","Osasuna",0,0.63925364241004,3.74857326410711,2.3126776162535,2020
4130,"Raúl Navas",2,169,0,0,0,0.0147200562059879,0,1,0,0,"D","Osasuna",0,0,0.366245035082102,0.351524978876114,2020
5128,"Oier",32,2097,0,1.09075577557087,2,2.01146737206727,16,15,9,0,"M S","Osasuna",0,1.09075577557087,4.4056839980185,2.25022733397782,2020
5141,"Unai García",17,1246,0,0.354399034753442,0,0.444173516705632,5,3,3,0,"D S","Osasuna",0,0.354399034753442,2.54697230085731,2.13900846149772,2020
5159,"Marc Cardona",3,46,0,0.257847666740417,0,0,1,0,0,0,"S","Osasuna",0,0.257847666740417,0.257847666740417,0,2020
5162,"Nacho Vidal",34,2338,0,0.708068419247866,0,1.60806289315224,10,12,10,0,"D M S","Osasuna",0,0.708068419247866,4.94420681335032,3.7196749811992,2020
5172,"Juan Pérez",3,270,0,0,0,0,0,0,0,0,"GK","Osasuna",0,0,0.0480253808200359,0.0480253808200359,2020
6243,"Jonás Ramalho",5,302,0,0,0,0.0232490785419941,0,1,0,0,"D S","Osasuna",0,0,1.26784784905612,1.24459875933826,2020
6955,"Ezequiel Ávila",8,195,0,0.383271949365735,0,0,8,0,0,0,"F M S","Osasuna",0,0.383271949365735,0.449461089447141,0.0661891438066959,2020
7050,"Lucas Torró",25,1535,0,1.62759212218225,1,0.33477483689785,17,6,4,0,"M S","Osasuna",0,1.62759212218225,6.10006809607148,4.93508764356375,2020
7349,"Enric Gallego",22,793,0,2.17009788006544,2,0.556237984448671,14,7,2,0,"F S","Osasuna",0,2.17009788006544,2.46484292112291,0.450787025503814,2020
7605,"Manuel Sánchez",16,974,0,0.1476124599576,4,1.57647381350398,3,14,4,0,"D S","Osasuna",0,0.1476124599576,2.70685208588839,2.01249639876187,2020
7856,"Aridane Hernández",24,2026,0,0.0756668131798506,0,0.356736763380468,2,5,3,1,"D","Osasuna",0,0.0756668131798506,1.64747558906674,1.38564945477992,2020
7859,"Sergio Herrera",33,2958,0,0,0,0.120175041258335,0,1,2,0,"GK S","Osasuna",0,0,2.54240951314569,2.42223447188735,2020
8131,"Iñigo Pérez",22,1359,0,0.239647034555674,0,1.09198211412877,8,14,2,1,"D M S","Osasuna",0,0.239647034555674,3.63180796056986,3.0368195027113,2020
8744,"Juan Cruz",26,1972,0,0.0412340983748436,0,0.332119893282652,1,11,4,0,"D S","Osasuna",0,0.0412340983748436,2.51970145106316,2.21190528385341,2020
866,"Joselu",37,3044,11,12.1532647833228,3,3.79409392923117,94,30,1,0,"F S","Alaves",9,9.18028221279383,10.7102369721979,1.15414288267493,2020
2088,"Edgar Méndez",33,2123,5,4.71031901054084,1,1.29035735316575,35,18,10,1,"D F M S","Alaves",5,4.71031901054084,6.5783908367157,0.775366531684995,2020
1700,"Lucas Pérez",28,1775,4,6.1298864427954,4,3.97772504761815,32,52,1,0,"F S","Alaves",1,3.15690382756293,6.1296666637063,1.71456454694271,2020
7870,"Luis Rioja",35,2117,4,3.68512396235019,2,1.88539650663733,24,25,4,0,"D F M S","Alaves",4,3.68512396235019,8.85569379292428,4.05068036727607,2020
6117,"Pere Pons",22,1168,2,0.465402483008802,0,1.14419054612517,9,9,0,0,"F M S","Alaves",2,0.465402483008802,2.45803340431303,1.0857323044911,2020
1131,"Rodrigo Ely",8,469,1,0.414579564705491,0,0.493676245212555,4,3,1,0,"D S","Alaves",1,0.414579564705491,0.338669419288635,0.108330279588699,2020
2110,"Rubén Duarte",31,2554,1,1.33315339451656,1,2.72274511773139,14,30,3,1,"D S","Alaves",1,1.33315339451656,5.93387915380299,3.71561583131552,2020
2185,"Deyverson",27,869,1,1.32673093862832,3,1.81841004826128,14,10,4,0,"F S","Alaves",1,1.32673093862832,3.97205234691501,1.06973089277744,2020
2287,"John Guidetti",10,190,1,0.701693045906723,0,0.0200937557965517,5,1,1,0,"F S","Alaves",1,0.701693045906723,0.29969076719135,0.154936157166958,2020
2482,"Tomás Pina",33,2614,1,0.734167767688632,1,0.911298489198089,9,7,12,0,"M S","Alaves",1,0.734167767688632,4.77358807623386,4.13392841257155,2020
4052,"Ximo Navarro",31,2387,1,0.368656506761909,1,0.548988118767738,13,8,6,0,"D S","Alaves",1,0.368656506761909,3.27318162564188,2.56285749562085,2020
5073,"Florian Lejeune",34,3018,1,2.39997936971486,1,0.865152236074209,23,7,10,0,"D","Alaves",1,2.39997936971486,3.14537099562585,2.92444552481174,2020
7871,"Borja Sainz",21,407,1,0.882823061197996,0,0.599327437579632,7,3,1,0,"M S","Alaves",1,0.882823061197996,1.79904663003981,0.791294898837805,2020
8750,"Rodrigo Battaglia",32,2508,1,1.20729775540531,0,0.0964142400771379,16,3,10,1,"M S","Alaves",1,1.20729775540531,2.68199597205967,2.48100018780679,2020
2132,"Jota",23,1432,0,0.830575561150908,2,2.2543888213113,16,17,3,1,"F M S","Alaves",0,0.830575561150908,3.33828887529671,0.987627614289522,2020
2432,"Burgui",1,20,0,0,0,0,0,0,0,0,"S","Alaves",0,0,0.0125770187005401,0.0125770187005401,2020
2483,"Adrián Marín",5,89,0,0.108330279588699,0,0.0459222383797169,1,1,0,0,"M S","Alaves",0,0.108330279588699,0.203911293298006,0.0496587790548801,2020
5042,"Fernando Pacheco",38,3348,0,0,0,0,0,0,1,0,"GK S","Alaves",0,0,1.19877762999386,1.19877762999386,2020
5044,"Víctor Laguardia",32,2634,0,1.14290980063379,1,0.60687642544508,9,4,5,1,"D S","Alaves",0,1.14290980063379,3.42732306849211,2.94488670956343,2020
5045,"Manu García",25,1092,0,0.469954817555845,0,0.280568305402994,11,5,6,1,"M S","Alaves",0,0.469954817555845,1.16028461232781,0.57335053384304,2020
5124,"Alberto Rodríguez",12,851,0,0.138815201818943,0,0.143954243510962,3,2,2,1,"D S","Alaves",0,0.138815201818943,0.13735406473279,0.13735406473279,2020
5198,"Martín Aguirregabiria",26,1547,0,0.132402926683426,1,0.588933334685862,2,12,1,0,"D M S","Alaves",0,0.132402926683426,2.77138602826744,2.3357122624293,2020
6075,"Antonio Sivera",1,72,0,0,0,0,0,0,0,0,"GK","Alaves",0,0,0,0,2020
6150,"Iñigo Córdoba",7,212,0,0.0298125706613064,0,0.176753170788288,1,3,0,0,"M S","Alaves",0,0.0298125706613064,0.229168264195323,0.0617769956588745,2020
8413,"Javier López",9,236,0,0.0902613699436188,0,0.119070343673229,1,3,1,0,"D S","Alaves",0,0.0902613699436188,0.165432140231133,0.0198419652879238,2020
8414,"Mahmoud Abdallahi",2,65,0,0,0,0.0170274153351784,0,1,0,0,"M S","Alaves",0,0,0.0170274153351784,0.0170274153351784,2020
8751,"Sergi García",2,13,0,0,0,0,0,0,0,0,"S","Alaves",0,0,0,0,2020
9032,"Tomás Tavares",3,53,0,0,0,0,0,0,0,0,"S","Alaves",0,0,0.0234283190220594,0.0234283190220594,2020
9244,"Stephane Paul Keller",1,10,0,0,0,0,0,0,0,0,"S","Alaves",0,0,0,0,2020
9324,"Facundo Pellistri",12,534,0,0.421826058998704,0,0.0374266877770424,5,2,0,0,"F M S","Alaves",0,0.421826058998704,1.35284357517958,0.945899199694395,2020
1189,"Lucas Boyé",34,2728,7,6.14041988737881,2,1.14073272235692,58,15,7,1,"F M S","Elche",7,6.14041988737881,6.78189221769571,1.60584226530045,2020
4146,"Fidel",30,2410,6,4.15163878165185,3,4.91785124130547,18,46,8,0,"D M S","Elche",4,1.92180595360696,8.18057066574693,3.22911127377301,2020
4175,"Pere Milla",32,1996,4,5.48416760284454,3,2.32613485213369,30,15,6,0,"F M S","Elche",4,5.48416760284454,7.69021808542311,1.97574078012258,2020
8893,"Josan",33,1952,4,1.27042484097183,2,1.13279826007783,15,15,3,0,"D M S","Elche",4,1.27042484097183,3.31903683207929,1.34656036552042,2020
3424,"Guido Carrillo",21,1002,3,2.3932332508266,2,0.963385850191116,26,8,3,0,"F S","Elche",3,2.3932332508266,4.07635717466474,1.13447226211429,2020
8894,"Raúl Guti",36,2886,3,1.60231236740947,1,0.670172344893217,27,7,4,1,"M S","Elche",3,1.60231236740947,5.56885853875428,3.92289523594081,2020
2597,"Dani Calvo",23,1771,2,1.30044666305184,0,0,8,0,3,0,"D S","Elche",2,1.30044666305184,0.285410979762673,0.285410979762673,2020
8895,"Tete Morente",30,2039,2,1.8166125593707,5,2.05132978595793,19,16,5,0,"M S","Elche",2,1.8166125593707,3.79211383033544,1.44985223188996,2020
2071,"Diego González",19,1281,1,0.511587148532271,0,0.0441713444888592,5,1,5,0,"D S","Elche",1,0.511587148532271,1.98799129575491,1.98799129575491,2020
6282,"Emiliano Rigoni",23,1125,1,2.24992084875703,1,1.70794890448451,16,11,5,0,"F M S","Elche",1,2.24992084875703,4.32775486260653,0.744953765533864,2020
973,"Paulo Gazzaniga",8,720,0,0,0,0,0,0,3,0,"GK","Elche",0,0,0.89940626733005,0.89940626733005,2020
1706,"Antonio Barragán",27,2237,0,1.20268369372934,3,0.749517175368965,6,10,8,0,"D S","Elche",0,1.20268369372934,3.8622297309339,3.64051165804267,2020
2350,"Cifuentes",11,436,0,0.0642519108951092,0,0,3,0,1,0,"D S","Elche",0,0.0642519108951092,0.281805478036404,0.281805478036404,2020
2382,"Pablo Piatti",9,347,0,0.440957786515355,0,0.205170121043921,4,3,1,0,"F M S","Elche",0,0.440957786515355,1.54058099724352,1.04712316021323,2020
2471,"Víctor Rodríguez",16,391,0,0,0,0.892963528633118,0,4,1,0,"M S","Elche",0,0,1.57672481052577,1.24068759195507,2020
2567,"Luismi",11,163,0,0,0,0,0,0,0,0,"D M S","Elche",0,0,0.554414387792349,0.554414387792349,2020
3248,"Omenuke Mfulu",20,786,0,0.0636443365365267,0,0.081609521061182,3,2,4,0,"M S","Elche",0,0.0636443365365267,0.936592575162649,0.81935515999794,2020
3367,"Youssouf Kone",3,69,0,0,0,0,0,0,0,0,"D S","Elche",0,0,0.116782478988171,0.116782478988171,2020
4017,"Juan Sánchez Miño",9,501,0,0,0,0.0278315246105194,0,1,2,0,"D M S","Elche",0,0,0.263319986872375,0.263319986872375,2020
6242,"Johan Mojica",17,1201,0,0.133923116140068,0,0.899893173016608,7,10,3,0,"D S","Elche",0,0.133923116140068,1.70152874849737,1.46062562055886,2020
8890,"Edgar Badía",30,2700,0,0,0,0,0,0,0,0,"GK","Elche",0,0,0.979268399998546,0.979268399998546,2020
8891,"Gonzalo Verdú",33,2946,0,1.13223241269588,2,2.20858061499894,11,6,11,0,"D","Elche",0,1.13223241269588,3.02703708782792,2.73018172383308,2020
8892,"Josema",29,1968,0,0.121962429024279,1,0.655975699424744,6,6,3,0,"D S","Elche",0,0.121962429024279,2.95781145431101,2.88246505893767,2020
8896,"Nino",16,249,0,0.387681733816862,0,0.879482091404498,3,2,1,0,"S","Elche",0,0.387681733816862,1.32566703204066,0.058503208681941,2020
8897,"Ramón Folch",1,1,0,0,0,0,0,0,0,0,"S","Elche",0,0,0,0,2020
8901,"Jony Álamo",1,76,0,0.0237105563282967,0,0,1,0,0,0,"M","Elche",0,0.0237105563282967,0.296855360269547,0.296855360269547,2020
9033,"Iván Marcone",33,2659,0,0.112529881298542,0,0.812902826815844,2,10,8,1,"M S","Elche",0,0.112529881298542,4.33496327698231,3.9307649275288,2020
9035,"Jeison Lucumí",2,47,0,0,0,0,0,0,0,0,"M S","Elche",0,0,0,0,2020
9199,"John Donald",2,51,0,0,0,0,0,0,0,0,"D S","Elche",0,0,0.0129246972501278,0.0129246972501278,2020
9340,"Helibelton Palacios",11,738,0,0,0,0.0850810818374157,0,3,0,0,"D S","Elche",0,0,2.05876555666327,1.97368454560637,2020
2285,"Fabián Orellana",30,2168,6,5.64004050195217,2,3.32057028636336,30,32,5,0,"F M S","Real Valladolid",2,2.66705794632435,9.32764473510906,4.78601496620104,2020
8761,"Shon Weissman",32,2133,6,5.85554763674736,1,2.60998506657779,39,19,3,0,"F S","Real Valladolid",6,5.85554763674736,9.49384894967079,2.43934753723443,2020
6921,"Óscar Plano",36,2545,5,4.24031157791615,5,1.66517004743218,40,25,1,1,"F M S","Real Valladolid",5,4.24031157791615,7.25907809613273,2.6487228074111,2020
8933,"Marcos de Sousa",23,1159,4,4.39927210658789,1,0.443567615002394,32,6,3,0,"F S","Real Valladolid",4,4.39927210658789,5.92702290043235,2.64031883142889,2020
4208,"Míchel",22,944,2,0.847761659882963,0,0.480845690704882,10,11,3,0,"M S","Real Valladolid",2,0.847761659882963,2.21117425337434,1.30650617741048,2020
6919,"Toni Villa",21,961,2,0.792506072670221,0,1.03507656976581,15,13,2,0,"F M S","Real Valladolid",2,0.792506072670221,3.1563087105751,1.8611054290086,2020
2356,"Roque Mesa",25,1777,1,1.52145857736468,0,0.825583688914776,26,16,4,1,"M S","Real Valladolid",0,0.778180968016386,5.47379876673222,4.47368534654379,2020
2444,"Bruno",27,2261,1,0.232170248404145,0,0.0140997804701328,5,1,8,0,"D S","Real Valladolid",1,0.232170248404145,2.31171242706478,2.29761264659464,2020
5114,"Raúl García",8,503,1,0.127793710678816,0,0.288798086345196,3,5,2,0,"D M S","Real Valladolid",1,0.127793710678816,0.924648586660624,0.758112464100122,2020
5212,"Sergi Guardiola",29,1794,1,4.74030666612089,2,2.19387446716428,36,11,5,0,"F S","Real Valladolid",0,3.25375134684145,7.20971939526498,2.00415545934811,2020
6917,"Rubén Alcaraz",30,2177,1,1.58702851925045,0,0.647845519706607,28,10,10,0,"D M S","Real Valladolid",1,1.58702851925045,6.19497581152245,4.65674631064758,2020
7233,"Joaquín Fernández",25,2084,1,0.983442968688905,0,0.222761005163193,8,2,8,0,"D M S","Real Valladolid",1,0.983442968688905,2.97467088326812,2.79556948319077,2020
7514,"Lucas Olaza",14,1260,1,0.665544964373112,1,1.06717626936734,11,15,4,0,"D","Real Valladolid",1,0.665544964373112,3.47731630131602,2.94095356483012,2020
7525,"Waldo Rubio",10,381,1,1.01762058585882,0,0.112689658999443,9,1,1,0,"M S","Real Valladolid",0,0.274342942982912,0.429077740758657,0.0871148481965065,2020
9031,"Jota",17,661,1,1.24739144183695,0,0.110871283337474,12,2,1,0,"F M S","Real Valladolid",1,1.24739144183695,2.14367682673037,0.834615748375654,2020
2105,"Jordi Masip",25,2250,0,0,0,0,0,0,3,0,"GK","Real Valladolid",0,0,0.540965411812067,0.540965411812067,2020
2161,"Nacho",23,1812,0,0.616569893434644,1,1.10326055530459,8,22,3,1,"D S","Real Valladolid",0,0.616569893434644,5.63717642705888,4.55409669317305,2020
4054,"Pablo Hervías",27,1176,0,0.552347481250763,5,3.41694472217932,14,30,1,0,"D M S","Real Valladolid",0,0.552347481250763,4.39488421007991,2.23991750832647,2020
5087,"Roberto Jiménez",13,1170,0,0,0,0,0,0,0,0,"GK","Real Valladolid",0,0,1.41424841806293,1.41424841806293,2020
5129,"Kenan Kodro",14,452,0,1.15777439624071,0,0.209410771727562,6,4,1,0,"F S","Real Valladolid",0,1.15777439624071,1.52897439152002,0.206361757591367,2020
5994,"Saidy Janko",19,1229,0,0.247023977339268,1,0.547456059604883,3,8,4,0,"D M S","Real Valladolid",0,0.247023977339268,2.89833367802203,2.26784678734839,2020
6546,"Jawad El Yamiq",19,1371,0,0.566898229531944,1,0.0396119337528944,8,2,6,0,"D S","Real Valladolid",0,0.566898229531944,2.68334981612861,2.31175383739173,2020
6740,"Miguel Ángel Rubio",2,133,0,0.0536864250898361,0,0,1,0,0,0,"D S","Real Valladolid",0,0.0536864250898361,0.113456897437572,0.113456897437572,2020
6914,"Javi Moyano",2,103,0,0,0,0,0,0,0,0,"D","Real Valladolid",0,0,0.0577532798051834,0.0577532798051834,2020
6915,"Kiko Olivas",5,167,0,0,0,0,0,0,1,0,"D S","Real Valladolid",0,0,0.633829789236188,0.633829789236188,2020
7245,"Javi Sánchez",16,922,0,0.0858645979315042,0,0.0757565218955278,3,3,3,0,"D S","Real Valladolid",0,0.0858645979315042,0.466081760358065,0.430813123937696,2020
7905,"Fede San Emeterio",24,1465,0,0.0964386565610766,0,0.077149068005383,3,4,7,0,"M S","Real Valladolid",0,0.0964386565610766,1.49524216540158,1.41642030747607,2020
8470,"Kike Pérez",24,1150,0,0.729611098766327,0,0.863585675135255,15,12,3,0,"F M S","Real Valladolid",0,0.729611098766327,2.61989715509117,1.56937647052109,2020
8762,"Luis Pérez",22,1296,0,0.0763460174202919,0,0.433960366994143,2,8,1,0,"D S","Real Valladolid",0,0.0763460174202919,2.10511579364538,1.77438556775451,2020
8763,"Kuki Zalazar",2,28,0,0,1,0.0163022596389055,0,1,0,0,"S","Real Valladolid",0,0,0.0163022596389055,0,2020
8764,"Oriol Rey",1,13,0,0,0,0,0,0,0,0,"S","Real Valladolid",0,0,0.362593650817871,0.362593650817871,2020
9181,"Sergio Benito",1,1,0,0,0,0,0,0,0,0,"S","Real Valladolid",0,0,0,0,2020
2589,"Rafa Mir",38,2881,13,15.1101026721299,1,0.785143995657563,120,9,2,0,"F M S","SD Huesca",11,12.880269754678,13.0659666508436,2.0353721100837,2020
2537,"Sandro Ramírez",20,1301,6,2.4072180390358,1,0.50801520049572,31,10,2,0,"F M S","SD Huesca",6,2.4072180390358,4.14211754500866,2.1513955257833,2020
2578,"Javi Ontiveros",20,905,2,1.82365881558508,1,1.95111271739006,36,17,5,0,"F M S","SD Huesca",1,1.08038116898388,3.48659715615213,1.53274361323565,2020
5064,"Dimitrios Siovas",36,3072,2,2.65275421272963,0,0.313173968344927,29,6,5,0,"D S","SD Huesca",2,2.65275421272963,6.35901587642729,6.12127553857863,2020
6956,"David Ferreiro",37,2554,2,1.74453410692513,4,5.59056692756712,26,73,5,0,"F M S","SD Huesca",2,1.74453410692513,10.0643266690895,6.56342651601881,2020
754,"Shinji Okazaki",25,1131,1,1.51235949806869,1,0.191087689250708,19,5,1,0,"F M S","SD Huesca",1,1.51235949806869,2.20615925360471,0.681829828768969,2020
1003,"Pablo Maffeo",25,1996,1,0.739972991868854,4,2.99667713418603,11,17,4,0,"D M","SD Huesca",1,0.739972991868854,7.05298203974962,4.95121111534536,2020
2406,"Mikel Rico",32,2228,1,2.7331541031599,4,1.42666198685765,19,20,2,0,"D M S","SD Huesca",1,2.7331541031599,7.04169616522267,3.73824275378138,2020
4070,"Borja",21,1117,1,1.16964859515429,0,1.16742294467986,14,20,0,0,"F M S","SD Huesca",1,1.16964859515429,4.37347201630473,3.08328443951905,2020
6950,"Jorge Pulido",33,2887,1,2.94653355330229,0,0.532770946621895,17,5,4,1,"D S","SD Huesca",1,2.94653355330229,5.8408658336848,5.53638433292508,2020
7385,"Javi Galán",37,3072,1,0.183233215473592,2,4.10659048333764,9,42,5,0,"D M S","SD Huesca",1,0.183233215473592,8.76374415773898,5.91496896743774,2020
7493,"Jaime Seoane",29,2055,1,1.0055259373039,1,1.09255079831928,23,11,5,0,"M S","SD Huesca",1,1.0055259373039,5.56766471639276,4.23474568501115,2020
8769,"Dani Escriche",23,850,1,2.08882796112448,1,1.19551227148622,10,8,5,1,"F M S","SD Huesca",1,2.08882796112448,3.85607399046421,0.571733779273927,2020
1934,"Gastón Silva",12,602,0,0,0,0.0239478331059217,0,1,2,0,"D S","SD Huesca",0,0,1.02163246460259,0.997684629634023,2020
2075,"Andrés Fernández",16,1440,0,0,0,0,0,0,0,0,"GK","SD Huesca",0,0,1.95643129386008,1.95643129386008,2020
2189,"Pedro López",22,1048,0,0.142716992646456,1,1.22665008157492,3,7,2,0,"D M S","SD Huesca",0,0.142716992646456,2.64924764633179,1.58059011399746,2020
2320,"Pedro Mosquera",27,2057,0,0.220082928426564,0,0.667396198958158,7,13,1,0,"M S","SD Huesca",0,0.220082928426564,4.50349638052285,4.20085359178483,2020
2500,"Luisinho",5,175,0,0.0106179397553205,0,0.0739191472530365,1,1,1,0,"D S","SD Huesca",0,0.0106179397553205,0.234448960050941,0.149911876767874,2020
4037,"Pablo Insúa",20,1601,0,0.167128028348088,0,0.0101323956623673,3,1,9,0,"D S","SD Huesca",0,0.167128028348088,1.99243944417685,1.98230704851449,2020
4219,"Juan Carlos",15,282,0,0.636098211631179,1,0.359799322672188,5,4,0,0,"M S","SD Huesca",0,0.636098211631179,1.1488997368142,0.477292574010789,2020
5131,"Eugeni",3,109,0,0,0,0.105771757662296,0,1,0,0,"M S","SD Huesca",0,0,0.0860375985503197,0.0860375985503197,2020
5191,"Álvaro Fernández",22,1980,0,0.0269115567207336,0,0.0159561093896627,1,1,0,0,"GK","SD Huesca",0,0.0269115567207336,1.13869742956012,1.12274131830782,2020
6656,"Sergio Gómez",29,738,0,0.733210507780313,1,0.893386350944638,9,14,1,0,"D F M S","SD Huesca",0,0.733210507780313,2.2005766518414,1.11810692772269,2020
6783,"Idrissa Doumbia",23,758,0,0.377826761454344,0,0.0733167100697756,4,2,4,0,"M S","SD Huesca",0,0.377826761454344,2.33643157035112,1.93941182084382,2020
7258,"Joaquín Muñoz",3,39,0,0,0,0.0113621912896633,0,1,0,0,"S","SD Huesca",0,0,0.0113621912896633,0.0113621912896633,2020
7940,"Denis Vavro",11,619,0,0.14704630151391,0,0.0289639811962843,7,1,1,0,"D S","SD Huesca",0,0.14704630151391,0.78964299429208,0.726303030736744,2020
8767,"Kelechi Nwakali",5,136,0,0,0,0.0398541800677776,0,1,1,0,"M S","SD Huesca",0,0,0.397021805867553,0.357167625799775,2020
1715,"Álvaro Negredo",35,2247,8,6.63772509992123,4,3.93786218389869,47,20,3,1,"F S","Cadiz",8,6.63772509992123,9.90158727392554,1.94702948816121,2020
4177,"Álex Fernández",25,1952,4,3.08081209287047,1,1.29885672405362,10,23,1,0,"F M S","Cadiz",2,1.59425687417388,4.33008246961981,2.57177551835775,2020
2193,"Cala",28,2282,3,1.8361003883183,0,0.176423005759716,15,3,8,0,"D S","Cadiz",3,1.8361003883183,2.08476841636002,1.94452210329473,2020
6533,"Anthony Lozano",29,1540,3,5.77018628083169,1,1.12480323016644,35,11,5,0,"F M S","Cadiz",3,5.77018628083169,5.90246715024114,0.357215425930917,2020
4142,"Álvaro",11,393,2,1.48935463838279,1,0.0978297833353281,5,2,0,0,"F S","Cadiz",2,1.48935463838279,0.716864727437496,0.0668599978089333,2020
8732,"Marcos Mauro",24,1827,2,1.38276271522045,0,0.0377495642751455,6,2,2,1,"D S","Cadiz",2,1.38276271522045,1.66279020532966,1.56234397366643,2020
8735,"Salvi Sánchez",28,1980,2,1.94042766001076,0,1.438208155334,17,18,5,0,"M S","Cadiz",2,1.94042766001076,4.16621925495565,1.74957366287708,2020
8849,"Alberto Perea",27,1554,2,1.81921975873411,3,2.77552023157477,28,13,0,0,"F M S","Cadiz",2,1.81921975873411,4.70004613138735,1.9245396759361,2020
2391,"José Mari",22,1479,1,1.15868356078863,0,0.547779455780983,17,8,5,0,"M S","Cadiz",0,0.415405921638012,2.20777469500899,1.40006220992655,2020
5047,"Rubén Sobrino",16,1111,1,2.13586073368788,0,0.835009609349072,9,11,3,0,"F M S","Cadiz",1,2.13586073368788,3.32980227842927,0.425650611519814,2020
6226,"Iván Alejo",22,809,1,1.06432597339153,1,0.928425189107656,12,11,5,0,"M S","Cadiz",1,1.06432597339153,2.62127089127898,1.03141436353326,2020
7128,"Carlos Akapo",13,860,1,0.278912331908941,0,0.164909929037094,2,2,1,1,"D S","Cadiz",1,0.278912331908941,0.974418696016073,0.605949112214148,2020
7894,"Ivan Saponjic",9,377,1,1.88134925439954,0,0,11,0,2,0,"F S","Cadiz",0,1.13819955661893,0.791918683797121,0.160171683877707,2020
8736,"Jorge Pombo",12,501,1,1.32897870708257,0,0.564534379169345,14,7,1,0,"F M S","Cadiz",1,1.32897870708257,2.43146060500294,0.674858868122101,2020
9008,"Jairo Izquierdo",30,1246,1,0.762291889637709,0,0.867312625050545,10,7,4,0,"D F M S","Cadiz",1,0.762291889637709,2.05112688429654,0.719142520800233,2020
2267,"Augusto Fernández",12,354,0,0,0,0,0,0,1,0,"M S","Cadiz",0,0,0.0334039740264416,0.0334039740264416,2020
3206,"Yann Bodiger",9,235,0,0,0,0.116104640066624,0,2,0,0,"M S","Cadiz",0,0,0.725142750889063,0.675861973315477,2020
5120,"Nano",1,5,0,0,0,0,0,0,0,0,"S","Cadiz",0,0,0,0,2020
6114,"Pedro Alcalá",13,895,0,0.127059035003185,0,0,2,0,2,0,"D S","Cadiz",0,0.127059035003185,0.37504125572741,0.37504125572741,2020
7942,"Bobby Adekanye",3,25,0,0.353874921798706,0,0,1,0,0,0,"S","Cadiz",0,0.353874921798706,0.372579742223024,0.0187048204243183,2020
8730,"David Gil",4,360,0,0,0,0,0,0,0,0,"GK","Cadiz",0,0,0,0,2020
8731,"Isaac Carcelén",32,2602,0,0.51673736423254,1,0.988762754015625,11,13,3,0,"D M S","Cadiz",0,0.51673736423254,1.96365415398031,1.6855024266988,2020
8733,"Alfonso Espino",32,2617,0,0.21434236690402,3,1.42913507018238,8,15,5,0,"D S","Cadiz",0,0.21434236690402,3.31726942956448,2.25934982299805,2020
8734,"Sergio González",1,90,0,0.0307305138558149,0,0,1,0,0,0,"M","Cadiz",0,0.0307305138558149,0.0289281085133553,0.0289281085133553,2020
8737,"Jens Jonsson",35,2650,0,0.919680140912533,0,1.58906517922878,15,11,6,0,"M S","Cadiz",0,0.919680140912533,4.80450722575188,3.46369376219809,2020
8738,"Filip Malbasic",28,827,0,0.978814925998449,1,1.05571514740586,9,4,2,0,"F M S","Cadiz",0,0.978814925998449,0.974158238619566,0.264340059831738,2020
8739,"Alberto Cifuentes",2,180,0,0,0,0.0233857110142708,0,1,0,0,"GK","Cadiz",0,0,0.365228682756424,0.341842979192734,2020
8740,"Marc Baró",1,90,0,0.0180865284055471,0,0.157247200608253,1,2,0,0,"D","Cadiz",0,0.0180865284055471,0.113240920007229,0,2020
8741,"Fali",34,2649,0,0.59803987853229,0,0.6468207500875,11,8,11,0,"D M S","Cadiz",0,0.59803987853229,2.08237215876579,1.84570895321667,2020
8938,"Jon Ander Garrido",23,778,0,0.402242200449109,0,0.0869899392127991,5,2,1,0,"M S","Cadiz",0,0.402242200449109,1.07052287273109,0.965755393728614,2020
8949,"Jeremías Ledesma",32,2880,0,0,0,0,0,0,0,0,"GK","Cadiz",0,0,1.29024285264313,1.29024285264313,2020
9144,"Manuel Nieto",2,9,0,0.0951543897390366,0,0.388719469308853,1,1,0,0,"S","Cadiz",0,0.0951543897390366,0.0951543897390366,0,2020
9353,"Álex Martín",2,93,0,0,0,0,0,0,0,0,"D S","Cadiz",0,0,0,0,2020
9534,"Álvaro Bastida",1,32,0,0,0,0,0,0,0,0,"S","Cadiz",0,0,0,0,2020
